"ean","gtin","fonteinfo","marca","produto","quantidade","unidade","quantidadeconvert","unidadeconvert","valor energetico","proteina","lipideos","colesterol","carboidrato","fibra alimentar","calcio","magnesio","manganes","fosforo","ferro","sodio","potassio","cobre","zinco","vitamina c"
"7891910000197","07891910000197","embalagem","União","Açúcar Refinado","5","g","1","colher de chá",20,,,,"5.0",,,,,,,,,,,
"7894900700015","07894900700015","embalagem","Coca-Cola","Refrigerante Zero

  ","350","ml","1","lata",,,,,,,,,,,,"49.0",,,,
,,"TACO",,"Arroz, integral, cozido","100","g",,,124,"2,6","1,0","NA","25,8","2,7",5,59,"0,63",106,"0,3",1,75,"0,02","0,7",
,,"TACO",,"Arroz, integral, cru","100","g",,,360,"7,3","1,9","NA","77,5","4,8",8,110,"2,99",251,"0,9",2,173,"0,07","1,4",
,,"TACO",,"Arroz, tipo 1, cozido","100","g",,,128,"2,5","0,2","NA","28,1","1,6",4,2,"0,30",18,"0,1",1,15,"0,02","0,5",
,,"TACO",,"Arroz, tipo 1, cru","100","g",,,358,"7,2","0,3","NA","78,8","1,6",4,30,"1,03",104,"0,7",1,62,"0,11","1,2",
,,"TACO",,"Arroz, tipo 2, cozido","100","g",,,130,"2,6","0,4","NA","28,2","1,1",3,6,"0,37",22,"0,1",2,20,"0,04","0,5",
,,"TACO",,"Arroz, tipo 2, cru","100","g",,,358,"7,2","0,3","NA","78,9","1,7",5,29,"0,83",82,"0,6",1,57,"0,05","1,3",
,,"TACO",,"Aveia, flocos, crua","100","g",,,394,"13,9","8,5","NA","66,6","9,1",48,119,"1,89",153,"4,4",5,336,"0,44","2,6","1,4"
,,"TACO",,"Biscoito, doce, maisena","100","g",,,443,"8,1","12,0","NA","75,2","2,1",54,37,"0,78",166,"1,8",352,142,"0,17","1,0","6,2"
,,"TACO",,"Biscoito, doce, recheado com chocolate","100","g",,,472,"6,4","19,6","Tr","70,5","3,0",27,48,"0,59",139,"2,3",239,232,"0,27","1,0","3,5"
,,"TACO",,"Biscoito, doce, recheado com morango","100","g",,,471,"5,7","19,6","Tr","71,0","1,5",36,27,"0,66",138,"1,5",230,113,"0,13","0,7","Tr"
,,"TACO",,"Biscoito, doce, wafer, recheado de chocolate","100","g",,,502,"5,6","24,7","Tr","67,5","1,8",23,48,"0,44",124,"2,4",137,240,"0,26","0,9","Tr"
,,"TACO",,"Biscoito, doce, wafer, recheado de morango","100","g",,,513,"4,5","26,4",1,"67,4","0,8",14,19,"0,28",73,"1,1",120,75,"0,08","0,5",
,,"TACO",,"Biscoito, salgado, cream cracker","100","g",,,432,"10,1","14,4","NA","68,7","2,5",20,40,"0,69",148,"2,2",854,181,"0,18","1,1",
,,"TACO",,"Bolo, mistura para","100","g",,,419,"6,2","6,1","Tr","84,7","1,7",59,28,"0,46",333,"1,2",463,75,"0,15","0,6","Tr"
,,"TACO",,"Bolo, pronto, aipim","100","g",,,324,"4,4","12,7",73,"47,9","0,7",85,10,"0,11",122,"0,5",111,135,"0,05","0,4","Tr"
,,"TACO",,"Bolo, pronto, chocolate","100","g",,,410,"6,2","18,5",77,"54,7","1,4",75,28,"0,38",197,"2,1",283,212,"0,05","0,7","Tr"
,,"TACO",,"Bolo, pronto, coco","100","g",,,333,"5,7","11,3",63,"52,3","1,1",57,16,"0,40",303,"0,8",190,143,"0,09","0,7","Tr"
,,"TACO",,"Bolo, pronto, milho","100","g",,,311,"4,8","12,4",82,"45,1","0,7",83,10,"0,11",128,"0,7",134,118,"0,04","0,4","Tr"
,,"TACO",,"Canjica, branca, crua","100","g",,,358,"7,2","1,0","NA","78,1","5,5",2,12,"0,09",48,"0,3",1,93,"0,05","0,4","Tr"
,,"TACO",,"Canjica, com leite integral","100","g",,,112,"2,4","1,2",1,"23,6","1,2",43,6,"0,02",41,"0,1",28,70,"0,03","0,3","Tr"
,,"TACO",,"Cereais, milho, flocos, com sal","100","g",,,370,"7,3","1,6","NA","80,8","5,3",2,20,"Tr",91,"0,5",272,69,"Tr","0,6","Tr"
,,"TACO",,"Cereais, milho, flocos, sem sal","100","g",,,363,"6,9","1,2","NA","80,4","1,8",2,17,"Tr",58,"1,7",31,29,"0,24","0,3","Tr"
,,"TACO",,"Cereais, mingau, milho, infantil","100","g",,,394,"6,4","1,1","NA","87,3","3,2",219,16,"0,11",169,"3,0",399,82,"0,04","0,4","109,4"
,,"TACO",,"Cereais, mistura para vitamina, trigo, cevada e aveia","100","g",,,381,"8,9","2,1","NA","81,6","5,0",584,72,"2,28",515,"12,6",1163,244,"0,21","2,0","13,1"
,,"TACO",,"Cereal matinal, milho","100","g",,,365,"7,2","1,0","NA","83,8","4,1",143,11,"0,06",101,"3,1",655,83,"0,06","7,6","17,3"
,,"TACO",,"Cereal matinal, milho, açúcar","100","g",,,377,"4,7","0,7","NA","88,8","2,1",56,8,"0,13",43,"3,9",405,52,"0,04","8,5","14,6"
,,"TACO",,"Creme de arroz, pó","100","g",,,386,"7,0","1,2","NA","83,9","1,1",7,51,"1,24",153,"0,6",1,115,"0,04","1,9","Tr"
,,"TACO",,"Creme de milho, pó","100","g",,,333,"4,8","1,6","NA","86,1","3,7",323,30,"0,20",303,"4,3",594,166,"0,04","0,8","96,3"
,,"TACO",,"Curau, milho verde","100","g",,,78,"2,4","1,6",5,"13,9","0,5",53,16,"0,06",75,"0,4",21,162,"0,03","0,4","Tr"
,,"TACO",,"Curau, milho verde, mistura para","100","g",,,402,"2,2","13,4","NA","79,8","2,5",31,9,"0,05",45,"0,9",223,55,"0,03","0,2","Tr"
,,"TACO",,"Farinha, de arroz, enriquecida","100","g",,,363,"1,3","0,3","NA","85,5","0,6",1,4,"0,04",36,"31,4",17,13,"Tr","8,5","173,6"
,,"TACO",,"Farinha, de centeio, integral","100","g",,,336,"12,5","1,8","NA","73,3","15,5",34,120,"3,86",340,"4,7",41,334,"0,56","2,7","Tr"
,,"TACO",,"Farinha, de milho, amarela","100","g",,,351,"7,2","1,5","NA","79,1","5,5",1,31,"Tr",84,"2,3",45,58,"0,27","0,6","Tr"
,,"TACO",,"Farinha, de rosca","100","g",,,371,"11,4","1,5","NA","75,8","4,8",35,57,"1,62",195,"6,7",333,212,"0,26","1,7","Tr"
,,"TACO",,"Farinha, de trigo","100","g",,,360,"9,8","1,4","NA","75,1","2,3",18,31,"0,46",115,"1,0",1,151,"0,15","0,8","Tr"
,,"TACO",,"Farinha, láctea, de cereais","100","g",,,415,"11,9","5,8",11,"77,8","1,9",196,58,"1,49",296,"8,7",125,366,"0,19","1,7","24,3"
,,"TACO",,"Lasanha, massa fresca, cozida","100","g",,,164,"5,8","1,2","NA","32,5","1,6",10,4,"0,20",42,"1,2",207,54,"0,07","0,4"," "
,,"TACO",,"Lasanha, massa fresca, crua","100","g",,,220,"7,0","1,3","NA","45,1","1,6",17,13,"0,34",82,"1,9",667,137,"0,10","0,8"," "
,,"TACO",,"Macarrão, instantâneo","100","g",,,436,"8,8","17,2","NA","62,4","5,6",18,19,"0,25",112,"0,8",1516,148,"0,10","0,5","Tr"
,,"TACO",,"Macarrão, trigo, cru","100","g",,,371,"10,0","1,3","NA","77,9","2,9",17,28,"0,53",100,"0,9",7,147,"0,15","0,8","Tr"
,,"TACO",,"Macarrão, trigo, cru, com ovos","100","g",,,371,"10,3","2,0",18,"76,6","2,3",19,"Tr","0,40",118,"0,9",15,134,"0,14","0,8","Tr"
,,"TACO",,"Milho, amido, cru","100","g",,,361,"0,6","Tr","NA","87,1","0,7",1,3,"0,02",13,"0,1",8,9,"0,02","0,1","Tr"
,,"TACO",,"Milho, fubá, cru","100","g",,,353,"7,2","1,9","NA","78,9","4,7",3,41,"0,34",108,"0,9","Tr",168,"0,08","1,1","Tr"
,,"TACO",,"Milho, verde, cru","100","g",,,138,"6,6","0,6","NA","28,6","3,9",2,33,"0,12",113,"0,4",1,185,"0,05","0,5","Tr"
,,"TACO",,"Milho, verde, enlatado, drenado","100","g",,,98,"3,2","2,4","NA","17,1","4,6",2,20,"0,09",61,"0,6",260,162,"0,05","0,5","1,7"
,,"TACO",,"Mingau tradicional, pó","100","g",,,373,"0,6","0,4","NA","89,3","0,9",522,4,"Tr",273,"42,0",15,"Tr","Tr","15,2","Tr"
,,"TACO",,"Pamonha, barra para cozimento, pré-cozida","100","g",,,171,"2,6","4,8","NA","30,7","2,4",4,15,"0,12",55,"0,4",132,125,"0,03","0,4","Tr"
,,"TACO",,"Pão, aveia, forma","100","g",,,343,"12,4","5,7","Tr","59,6","6,0",109,57,"1,08",182,"4,7",606,210,"0,14","1,7","Tr"
,,"TACO",,"Pão, de soja","100","g",,,309,"11,3","3,6","NA","56,5","5,7",90,48,"0,57",153,"3,3",663,296,"0,16","1,5","Tr"
,,"TACO",,"Pão, glúten, forma","100","g",,,253,"12,0","2,7","NA","44,1","2,5",156,24,"0,51",105,"5,7",22,65,"0,06","1,3","Tr"
,,"TACO",,"Pão, milho, forma","100","g",,,292,"8,3","3,1",6,"56,4","4,3",78,29,"0,37",110,"3,0",507,89,"0,10","0,8","Tr"
,,"TACO",,"Pão, trigo, forma, integral","100","g",,,253,"9,4","3,7","NA","49,9","6,9",132,60,"1,62",193,"3,0",506,163,"0,15","1,6","Tr"
,,"TACO",,"Pão, trigo, francês","100","g",,,300,"8,0","3,1","NA","58,6","2,3",16,25,"0,46",95,"1,0",648,142,"0,13","0,8"," "
,,"TACO",,"Pão, trigo, sovado","100","g",,,311,"8,4","2,8",17,"61,5","2,4",52,22,"0,31",101,"2,3",431,91,"Tr","2,7","Tr"
,,"TACO",,"Pastel, de carne, cru","100","g",,,289,"10,7","8,8",18,"42,0","1,0",17,18,"0,34",117,"2,0",1309,166,"0,11","1,7","Tr"
,,"TACO",,"Pastel, de carne, frito","100","g",,,388,"10,1","20,1",25,"43,8","1,0",13,14,"0,22",90,"2,5",1040,156,"0,12","1,2",
,,"TACO",,"Pastel, de queijo, cru","100","g",,,308,"9,9","9,6",14,"45,9","1,1",155,16,"0,24",168,"1,0",985,103,"0,10","1,0","Tr"
,,"TACO",,"Pastel, de queijo, frito","100","g",,,422,"8,7","22,7",15,"48,1","0,9",126,15,"0,20",124,"1,3",821,124,"0,10","0,8","Tr"
,,"TACO",,"Pastel, massa, crua","100","g",,,310,"6,9","5,5","NA","57,4","1,4",13,14,"0,38",73,"1,1",1344,167,"0,11","0,6"," "
,,"TACO",,"Pastel, massa, frita","100","g",,,570,"6,0","40,9","NA","49,3","1,3",11,13,"0,36",62,"1,4",1175,143,"0,08","0,5"," "
,,"TACO",,"Pipoca, com óleo de soja, sem sal","100","g",,,448,"9,9","15,9","NA","70,3","14,3",3,91,"0,65",225,"1,2",4,256,"0,46","2,0","Tr"
,,"TACO",,"Polenta, pré-cozida","100","g",,,103,"2,3","0,3","NA","23,3","2,4",1,4,"Tr",17,"Tr",442,100,"0,04","0,1","Tr"
,,"TACO",,"Torrada, pão francês","100","g",,,377,"10,5","3,3","NA","74,6","3,4",19,32,"0,55",114,"1,2",829,189,"0,16","0,9","Tr"
,,"TACO",,"Abóbora, cabotian, cozida","100","g",,,48,"1,4","0,7","NA","10,8","2,5",8,9,"0,26",33,"0,3",1,199,"0,06","0,3","7,5"
,,"TACO",,"Abóbora, cabotian, crua","100","g",,,39,"1,7","0,5","NA","8,4","2,2",18,9,"0,11",26,"0,4","Tr",351,"0,06","0,3","5,1"
,,"TACO",,"Abóbora, menina brasileira, crua","100","g",,,14,"0,6","Tr","NA","3,3","1,2",9,4,"0,01",12,"0,2","Tr",165,"0,02","Tr","1,5"
,,"TACO",,"Abóbora, moranga, crua","100","g",,,12,"1,0","0,1","NA","2,7","1,7",3,2,"0,01",8,"Tr","Tr",125,"0,05","0,1","9,6"
,,"TACO",,"Abóbora, moranga, refogada","100","g",,,29,"0,4","0,8","NA","6,0","1,5",19,7,"0,02",12,"0,1",3,183,"0,04","0,1","6,7"
,,"TACO",,"Abóbora, pescoço, crua","100","g",,,24,"0,7","0,1","NA","6,1","2,3",9,7,"0,07",32,"0,3",1,264,"0,09","0,2","2,1"
,,"TACO",,"Abobrinha, italiana, cozida","100","g",,,15,"1,1","0,2","NA","3,0","1,6",17,17,"0,11",22,"0,2",1,126,"0,01","0,3","2,1"
,,"TACO",,"Abobrinha, italiana, crua","100","g",,,19,"1,1","0,1","NA","4,3","1,4",15,20,"0,09",32,"0,2","Tr",253,"0,05","0,2","6,9"
,,"TACO",,"Abobrinha, italiana, refogada","100","g",,,24,"1,1","0,8","NA","4,2","1,4",21,13,"0,14",32,"0,4",2,194,"0,02","0,3","7,5"
,,"TACO",,"Abobrinha, paulista, crua","100","g",,,31,"0,6","0,1","NA","7,9","2,6",19,9,"0,11",33,"0,2",1,213,"0,10","0,2","17,5"
,,"TACO",,"Acelga, crua","100","g",,,21,"1,4","0,1","NA","4,6","1,1",43,10,"0,11",40,"0,3",1,240,"0,10","0,3","22,6"
,,"TACO",,"Agrião, cru","100","g",,,17,"2,7","0,2","NA","2,3","2,1",133,18,"0,28",51,"3,1",7,218,"0,10","0,7","60,1"
,,"TACO",,"Aipo, cru","100","g",,,19,"0,8","0,1","NA","4,3","1,0",65,9,"0,18",28,"0,7",10,274,"0,31","0,1","5,9"
,,"TACO",,"Alface, americana, crua","100","g",,,9,"0,6","0,1","NA","1,7","1,0",14,6,"0,12",19,"0,3",7,136,"0,02","0,2","11,0"
,,"TACO",,"Alface, crespa, crua","100","g",,,11,"1,3","0,2","NA","1,7","1,8",38,11,"0,20",26,"0,4",3,267,"0,03","0,3","15,6"
,,"TACO",,"Alface, lisa, crua","100","g",,,14,"1,7","0,1","NA","2,4","2,3",28,9,"0,33",26,"0,6",4,349,"0,03","0,3","21,4"
,,"TACO",,"Alface, roxa, crua","100","g",,,13,"0,9","0,2","NA","2,5","2,0",34,9,"0,12",51,"2,5",7,308,"0,04","0,2","13,5"
,,"TACO",,"Alfavaca, crua","100","g",,,29,"2,7","0,5","NA","5,2","4,1",258,84,"0,15",50,"1,3",5,261,"0,15","0,7","Tr"
,,"TACO",,"Alho, cru","100","g",,,113,"7,0","0,2","NA","23,9","4,3",14,21,"0,24",149,"0,8",5,535,"0,15","0,8","*"
,,"TACO",,"Alho-poró, cru","100","g",,,32,"1,4","0,1","NA","6,9","2,5",34,11,"0,10",36,"0,6",2,224,"0,29","0,2","14,1"
,,"TACO",,"Almeirão, cru","100","g",,,18,"1,8","0,2","NA","3,3","2,6",19,21,"0,17",40,"0,7",2,369,"0,10","0,3","1,7"
,,"TACO",,"Almeirão, refogado","100","g",,,65,"1,7","4,8","NA","5,7","3,4",63,17,"0,28",31,"1,6",15,315,"0,06","0,2","1,5"
,,"TACO",,"Batata, baroa, cozida","100","g",,,80,"0,9","0,2","NA","18,9","1,8",12,8,"0,22",29,"0,4",2,258,"0,15","0,4","17,1"
,,"TACO",,"Batata, baroa, crua","100","g",,,101,"1,0","0,2","NA","24,0","2,1",17,12,"0,07",45,"0,3","Tr",505,"0,05","0,2","7,6"
,,"TACO",,"Batata, doce, cozida","100","g",,,77,"0,6","0,1","NA","18,4","2,2",17,11,"0,14",15,"0,2",3,148,"0,06","0,1","23,8"
,,"TACO",,"Batata, doce, crua","100","g",,,118,"1,3","0,1","NA","28,2","2,6",21,17,"0,18",36,"0,4",9,340,"0,11","0,2","16,5"
,,"TACO",,"Batata, frita, tipo chips, industrializada","100","g",,,543,"5,6","36,6","NA","51,2","2,5",12,24,"0,23",96,"0,7",607,1014,"0,12","0,6","Tr"
,,"TACO",,"Batata, inglesa, cozida","100","g",,,52,"1,2","Tr","NA","11,9","1,3",4,5,"0,07",24,"0,2",2,161,"0,06","0,2","3,8"
,,"TACO",,"Batata, inglesa, crua","100","g",,,64,"1,8","Tr","NA","14,7","1,2",4,15,"0,10",39,"0,4","Tr",302,"0,09","0,2","31,1"
,,"TACO",,"Batata, inglesa, frita","100","g",,,267,"5,0","13,1","NA","35,6","8,1",6,14,"0,15",70,"0,4",2,489,"0,10","0,4","16,3"
,,"TACO",,"Batata, inglesa, sauté","100","g",,,68,"1,3","0,9","NA","14,1","1,4",4,6,"0,08",32,"0,3",8,199,"0,05","0,2","Tr"
,,"TACO",,"Berinjela, cozida","100","g",,,19,"0,7","0,1","NA","4,5","2,5",11,9,"0,11",15,"0,2",1,105,"0,04","0,1","Tr"
,,"TACO",,"Berinjela, crua","100","g",,,20,"1,2","0,1","NA","4,4","2,9",9,13,"0,10",20,"0,2","Tr",205,"0,06","0,1","3,0"
,,"TACO",,"Beterraba, cozida","100","g",,,32,"1,3","0,1","NA","7,2","1,9",15,17,"0,19",30,"0,2",23,245,"0,04","0,4","1,2"
,,"TACO",,"Beterraba, crua","100","g",,,49,"1,9","0,1","NA","11,1","3,4",18,24,"1,23",19,"0,3",10,375,"0,08","0,5","3,1"
,,"TACO",,"Biscoito, polvilho doce","100","g",,,438,"1,3","12,2",9,"80,5","1,2",30,6,"0,08",23,"1,8",98,54,"0,04","0,1","Tr"
,,"TACO",,"Brócolis, cozido","100","g",,,25,"2,1","0,5","NA","4,4","3,4",51,15,"0,12",33,"0,5",2,119,"0,08","0,2","42,0"
,,"TACO",,"Brócolis, cru","100","g",,,25,"3,6","0,3","NA","4,0","2,9",86,30,"0,26",78,"0,6",3,322,"0,06","0,5","34,3"
,,"TACO",,"Cará, cozido","100","g",,,78,"1,5","0,1","NA","18,9","2,6",5,15,"0,02",28,"0,3",1,203,"0,11","0,2","Tr"
,,"TACO",,"Cará, cru","100","g",,,96,"2,3","0,1","NA","23,0","7,3",4,11,"0,01",35,"0,2","Tr",212,"0,06","0,2","8,8"
,,"TACO",,"Caruru, cru","100","g",,,34,"3,2","0,6","NA","6,0","4,5",455,197,"0,89",77,"4,5",14,279,"0,37","6,0","5,4"
,,"TACO",,"Catalonha, crua","100","g",,,24,"1,9","0,3","NA","4,8","2,0",57,17,"0,34",32,"3,1",9,412,"0,27","0,5","7,3"
,,"TACO",,"Catalonha, refogada","100","g",,,63,"2,0","4,8","NA","4,8","3,7",63,16,"0,64",35,"1,2",25,452,"0,18","0,4","Tr"
,,"TACO",,"Cebola, crua","100","g",,,39,"1,7","0,1","NA","8,9","2,2",14,12,"0,13",38,"0,2",1,176,"0,05","0,2","4,7"
,,"TACO",,"Cebolinha, crua","100","g",,,20,"1,9","0,4","NA","3,4","3,6",80,25,"0,13",27,"0,6",2,206,"0,04","0,3","31,8"
,,"TACO",,"Cenoura, cozida","100","g",,,30,"0,8","0,2","NA","6,7","2,6",26,14,"0,05",27,"0,1",8,176,"0,02","0,2","Tr"
,,"TACO",,"Cenoura, crua","100","g",,,34,"1,3","0,2","NA","7,7","3,2",23,11,"0,05",28,"0,2",3,315,"0,05","0,2","5,1"
,,"TACO",,"Chicória, crua","100","g",,,14,"1,1","0,1","NA","2,9","2,2",45,14,"0,13",13,"0,5",14,425,"0,04","0,1","6,5"
,,"TACO",,"Chuchu, cozido","100","g",,,19,"0,4","Tr","NA","4,8","1,0",8,7,"0,07",13,"0,1",2,54,"Tr","0,1","5,6"
,,"TACO",,"Chuchu, cru","100","g",,,17,"0,7","0,1","NA","4,1","1,3",12,7,"0,08",18,"0,2","Tr",126,"0,03","0,1","10,6"
,,"TACO",,"Coentro, folhas desidratadas","100","g",,,309,"20,9","10,4","NA","48,0","37,3",784,393,"10,48",388,"81,4",18,3223,"4,09","4,7","40,8"
,,"TACO",,"Couve, manteiga, crua","100","g",,,27,"2,9","0,5","NA","4,3","3,1",131,35,"1,02",49,"0,5",6,403,"0,06","0,4","96,7"
,,"TACO",,"Couve, manteiga, refogada ","100","g",,,90,"1,7","6,6","NA","8,7","5,7",177,26,"0,12",33,"0,5",11,315,"0,02","0,2","76,9"
,,"TACO",,"Couve-flor, crua","100","g",,,23,"1,9","0,2","NA","4,5","2,4",18,12,"0,16",57,"0,5",3,256,"0,03","0,3","36,1"
,,"TACO",,"Couve-flor, cozida","100","g",,,19,"1,2","0,3","NA","3,9","2,1",16,5,"0,10",25,"0,1",2,80,"Tr","0,3","23,7"
,,"TACO",,"Espinafre, Nova Zelândia, cru","100","g",,,16,"2,0","0,2","NA","2,6","2,1",98,82,"0,71",25,"0,4",17,336,"0,06","0,3","2,4"
,,"TACO",,"Espinafre, Nova Zelândia, refogado","100","g",,,67,"2,7","5,4","NA","4,2","2,5",112,123,"0,61",34,"0,6",47,149,"0,04","0,6","5,3"
,,"TACO",,"Farinha, de mandioca, crua","100","g",,,361,"1,6","0,3","NA","87,9","6,4",65,37,"Tr",42,"1,1",1,340,"0,08","0,4","Tr"
,,"TACO",,"Farinha, de mandioca, torrada","100","g",,,365,"1,2","0,3","NA","89,2","6,5",76,40,"0,37",39,"1,2",10,328,"Tr","0,4","Tr"
,,"TACO",,"Farinha, de puba","100","g",,,360,"1,6","0,5","NA","87,3","4,2",41,27,"0,16",33,"1,4",4,338,"0,07","0,3","Tr"
,,"TACO",,"Fécula, de mandioca","100","g",,,331,"0,5","0,3","NA","81,1","0,6",12,3,"Tr",60,"0,1",2,48,"Tr","Tr","Tr"
,,"TACO",,"Feijão, broto, cru","100","g",,,39,"4,2","0,1","NA","7,8","2,0",14,25,"0,19",75,"0,8",2,189,"0,17","0,6","12,0"
,,"TACO",,"Inhame, cru","100","g",,,97,"2,1","0,2","NA","23,2","1,7",12,29,"0,15",65,"0,4","Tr",568,"0,17","0,3","5,6"
,,"TACO",,"Jiló, cru","100","g",,,27,"1,4","0,2","NA","6,2","4,8",20,21,"0,14",29,"0,3","Tr",213,"0,07","0,1","6,8"
,,"TACO",,"Jurubeba, crua","100","g",,,126,"4,4","3,9","NA","23,1","23,9",151,65,"0,52",155,"0,9",1,619,"1,16","0,6","13,8"
,,"TACO",,"Mandioca, cozida","100","g",,,125,"0,6","0,3","NA","30,1","1,6",19,27,"0,06",22,"0,1",1,100,"0,01","0,2","11,1"
,,"TACO",,"Mandioca, crua","100","g",,,151,"1,1","0,3","NA","36,2","1,9",15,44,"0,05",29,"0,3",2,208,"0,07","0,2","16,5"
,,"TACO",,"Mandioca, farofa, temperada","100","g",,,406,"2,1","9,1","NA","80,3","7,8",66,34,"0,29",45,"1,4",575,201,"Tr","0,2","Tr"
,,"TACO",,"Mandioca, frita","100","g",,,300,"1,4","11,2","NA","50,3","1,9",23,95,"0,18",57,"0,3",9,176,"0,12","0,4","Tr"
,,"TACO",,"Manjericão, cru","100","g",,,21,"2,0","0,4","NA","3,6","3,3",211,58,"0,17",40,"1,0",4,252,"0,16","0,5","2,3"
,,"TACO",,"Maxixe, cru","100","g",,,14,"1,4","0,1","NA","2,7","2,2",21,10,"0,07",25,"0,4",11,328,"0,02","0,2","9,6"
,,"TACO",,"Mostarda, folha, crua","100","g",,,18,"2,1","0,2","NA","3,2","1,9",68,16,"0,14",58,"1,1",3,364,"0,05","0,3","38,6"
,,"TACO",,"Nhoque, batata, cozido","100","g",,,181,"5,9","1,9",15,"36,8","1,8",11,18,"0,30",68,"1,6",7,164,"0,10","0,5","Tr"
,,"TACO",,"Nabo, cru","100","g",,,18,"1,2","0,1","NA","4,1","2,6",42,15,"4,42",17,"0,2",2,280,"0,02","0,2","9,6"
,,"TACO",,"Palmito, juçara, em conserva","100","g",,,23,"1,8","0,4","NA","4,3","3,2",58,34,"10,82",40,"0,3",514,244,"0,23","0,7","2,0"
,,"TACO",,"Palmito, pupunha, em conserva","100","g",,,29,"2,5","0,5","NA","5,5","2,6",32,25,"0,14",55,"0,2",563,206,"0,08","0,4","8,7"
,,"TACO",,"Pão, de queijo, assado","100","g",,,363,"5,1","24,6",68,"34,2","0,6",102,8,"0,03",94,"0,3",773,93,"0,01","0,6"," "
,,"TACO",,"Pão, de queijo, cru","100","g",,,295,"3,6","14,0",63,"38,5","1,0",88,7,"Tr",79,"0,3",405,58,"Tr","0,4"," "
,,"TACO",,"Pepino, cru","100","g",,,10,"0,9","Tr","NA","2,0","1,1",10,9,"0,08",12,"0,1","Tr",154,"0,04","0,1","5,0"
,,"TACO",,"Pimentão, amarelo, cru","100","g",,,28,"1,2","0,4","NA","6,0","1,9",10,11,"0,08",22,"0,4","Tr",221,"0,04","0,2","201,4"
,,"TACO",,"Pimentão, verde, cru","100","g",,,21,"1,1","0,2","NA","4,9","2,6",9,8,"0,14",17,"0,4","Tr",174,"0,07","0,1","100,2"
,,"TACO",,"Pimentão, vermelho, cru","100","g",,,23,"1,0","0,1","NA","5,5","1,6",6,11,"0,06",20,"0,3","Tr",211,"0,04","0,2","158,2"
,,"TACO",,"Polvilho, doce","100","g",,,351,"0,4","Tr","NA","86,8","0,2",27,4,"0,09",8,"0,5",2,38,"Tr","Tr","Tr"
,,"TACO",,"Quiabo, cru","100","g",,,30,"1,9","0,3","NA","6,4","4,6",112,50,"0,46",56,"0,4",1,249,"0,17","0,6","5,6"
,,"TACO",,"Rabanete, cru","100","g",,,14,"1,4","0,1","NA","2,7","2,2",21,10,"0,07",25,"0,4",11,328,"0,02","0,2","9,6"
,,"TACO",,"Repolho, branco, cru","100","g",,,17,"0,9","0,1","NA","3,9","1,9",35,9,"0,13",14,"0,2",4,150,"0,02","0,2","18,7"
,,"TACO",,"Repolho, roxo, cru","100","g",,,31,"1,9","0,1","NA","7,2","2,0",44,18,"0,25",58,"0,5",2,328,"0,90","0,3","43,2"
,,"TACO",,"Repolho, roxo, refogado","100","g",,,42,"1,8","1,2","NA","7,6","1,8",43,17,"0,26",59,"0,5",3,321,"0,02","0,3","40,5"
,,"TACO",,"Rúcula, crua","100","g",,,13,"1,8","0,1","NA","2,2","1,7",117,18,"0,24",25,"0,9",9,233,"0,04","0,2","46,3"
,,"TACO",,"Salsa, crua","100","g",,,33,"3,3","0,6","NA","5,7","1,9",179,21,"1,88",49,"3,2",2,711,"0,20","1,3","51,7"
,,"TACO",,"Seleta de legumes, enlatada","100","g",,,57,"3,4","0,4","NA","12,7","3,1",16,16,"0,13",49,"1,1",398,122,"0,08","0,5","Tr"
,,"TACO",,"Serralha, crua","100","g",,,30,"2,7","0,7","NA","4,9","3,5",126,30,"0,23",48,"1,3",19,265,"0,20","1,3","1,5"
,,"TACO",,"Taioba, crua","100","g",,,34,"2,9","0,9","NA","5,4","4,5",141,38,"0,66",53,"1,9",1,290,"0,16","0,6","17,9"
,,"TACO",,"Tomate, com semente, cru","100","g",,,15,"1,1","0,2","NA","3,1","1,2",7,11,"0,07",20,"0,2",1,222,"0,04","0,1","21,2"
,,"TACO",,"Tomate, extrato","100","g",,,61,"2,4","0,2","NA","15,0","2,8",29,29,"0,18",47,"2,1",498,680,"0,20","0,4","18,0"
,,"TACO",,"Tomate, molho industrializado","100","g",,,38,"1,4","0,9","NA","7,7","3,1",12,17,"0,08",27,"1,6",418,388,"0,08","0,1","2,7"
,,"TACO",,"Tomate, purê","100","g",,,28,"1,4","Tr","NA","6,9","1,0",13,15," ",30,"1,3",104,308,"0,09","0,3","5,4"
,,"TACO",,"Tomate, salada","100","g",,,21,"0,8","Tr","NA","5,1","2,3",7,10,"0,04",23,"0,3",5,161,"0,07","0,2","12,8"
,,"TACO",,"Vagem, crua","100","g",,,25,"1,8","0,2","NA","5,3","2,4",41,18,"0,50",28,"0,4","Tr",208,"0,06","0,3","1,2"
,,"TACO",,"Abacate, cru","100","g",,,96,"1,2","8,4","NA","6,0","6,3",8,15,"0,17",22,"0,2","Tr",206,"0,15","0,2","8,7"
,,"TACO",,"Abacaxi, cru","100","g",,,48,"0,9","0,1","NA","12,3","1,0",22,18,"1,62",13,"0,3","Tr",131,"0,11","0,1","34,6"
,,"TACO",,"Abacaxi, polpa, congelada","100","g",,,31,"0,5","0,1","NA","7,8","0,3",14,10,"1,02",8,"0,4",1,107,"0,04","0,1","1,2"
,,"TACO",,"Abiu, cru","100","g",,,62,"0,8","0,7","NA","14,9","1,7",6,9,"0,08",20,"0,2","Tr",128,"0,09","0,1","10,3"
,,"TACO",,"Açaí, polpa, com xarope de guaraná e glucose","100","g",,,110,"0,7","3,7","NA","21,5","1,7",22,13,"3,29",11,"0,3",15,75,"0,14","0,2","10,3"
,,"TACO",,"Açaí, polpa, congelada","100","g",,,58,"0,8","3,9","NA","6,2","2,6",35,17,"6,16",16,"0,4",5,124,"0,18","0,3","Tr"
,,"TACO",,"Acerola, crua","100","g",,,33,"0,9","0,2","NA","8,0","1,5",13,13,"0,07",9,"0,2","Tr",165,"0,07","0,1","941,4"
,,"TACO",,"Acerola, polpa, congelada","100","g",,,22,"0,6","Tr","NA","5,5","0,7",8,9,"0,03",13,"0,2",1,112,"0,04","0,1","623,2"
,,"TACO",,"Ameixa, calda, enlatada ","100","g",,,183,"0,4","Tr","NA","46,9","0,5",13,10,"0,10",21,"2,2",3,221,"0,03","0,1","4,3"
,,"TACO",,"Ameixa, crua","100","g",,,53,"0,8","Tr","NA","13,9","2,4",6,5,"0,03",14,"0,1","Tr",134,"0,06","0,1","7,6"
,,"TACO",,"Ameixa, em calda, enlatada, drenada ","100","g",,,177,"1,0","0,3","NA","47,7","4,5",39,14,"0,20",26,"2,7",3,263,"0,16","0,2","5,2"
,,"TACO",,"Atemóia, crua","100","g",,,97,"1,0","0,3","NA","25,3","2,1",23,25,"0,16",23,"0,2",1,300,"0,17","0,2","10,1"
,,"TACO",,"Banana, da terra, crua","100","g",,,128,"1,4","0,2","NA","33,7","1,5",4,24,"0,16",26,"0,3","Tr",328,"0,05","0,2","15,7"
,,"TACO",,"Banana, doce em barra","100","g",,,280,"2,2","0,1","NA","75,7","3,8",12,49,"0,84",37,"0,6",10,518,"0,16","0,3","Tr"
,,"TACO",,"Banana, figo, crua","100","g",,,105,"1,1","0,1","NA","27,8","2,8",6,30,"0,21",16,"0,2","Tr",387,"0,06","0,1","17,5"
,,"TACO",,"Banana, maçã, crua","100","g",,,87,"1,8","0,1","NA","22,3","2,6",3,24,"0,60",29,"0,2","Tr",264,"0,11","0,1","10,5"
,,"TACO",,"Banana, nanica, crua","100","g",,,92,"1,4","0,1","NA","23,8","1,9",3,28,"0,14",27,"0,3","Tr",376,"0,10","0,2","5,9"
,,"TACO",,"Banana, ouro, crua","100","g",,,112,"1,5","0,2","NA","29,3","2,0",3,28,"0,09",22,"0,3","Tr",355,"0,08","0,3","7,6"
,,"TACO",,"Banana, pacova, crua","100","g",,,78,"1,2","0,1","NA","20,3","2,0",5,30,"0,41",20,"0,4",1,267,"0,06","0,1","Tr"
,,"TACO",,"Banana, prata, crua","100","g",,,98,"1,3","0,1","NA","26,0","2,0",8,26,"0,42",22,"0,4","Tr",358,"0,05","0,1","21,6"
,,"TACO",,"Cacau, cru","100","g",,,74,"1,0","0,1","NA","19,4","2,2",12,25,"0,04",9,"0,3",1,72,"0,15","0,6","13,6"
,,"TACO",,"Cajá-Manga, cru","100","g",,,46,"1,3","Tr","NA","11,4","2,6",13,11,"0,05",24,"0,2",1,119,"0,02","0,2","26,7"
,,"TACO",,"Cajá, polpa, congelada","100","g",,,26,"0,6","0,2","NA","6,4","1,4",9,7,"0,07",26,"0,3",7,148,"0,10","0,1","Tr"
,,"TACO",,"Caju, cru","100","g",,,43,"1,0","0,3","NA","10,3","1,7",1,10,"0,12",16,"0,2",3,124,"0,07","0,1","219,3"
,,"TACO",,"Caju, polpa, congelada","100","g",,,37,"0,5","0,2","NA","9,4","0,8",1,7,"0,05",10,"0,1",4,88,"0,07","0,1","119,7"
,,"TACO",,"Caju, suco concentrado, envasado","100","g",,,45,"0,4","0,2","NA","10,7","0,6",1,8,"0,06",11,"0,1",45,107,"0,04","0,1","138,7"
,,"TACO",,"Caqui, chocolate, cru","100","g",,,71,"0,4","0,1","NA","19,3","6,5",18,9,"0,39",18,"0,1",2,164,"Tr","0,2","29,6"
,,"TACO",,"Carambola, crua","100","g",,,46,"0,9","0,2","NA","11,5","2,0",5,7,"0,13",11,"0,2",4,133,"0,08","0,2","60,9"
,,"TACO",,"Ciriguela, crua","100","g",,,76,"1,4","0,4","NA","18,9","3,9",27,18,"0,06",49,"0,4",2,248,"0,12","0,5","27,0"
,,"TACO",,"Cupuaçu, cru","100","g",,,49,"1,2","1,0","NA","10,4","3,1",13,18,"0,07",21,"0,5",3,331,"0,07","0,3","24,5"
,,"TACO",,"Cupuaçu, polpa, congelada","100","g",,,49,"0,8","0,6","NA","11,4","1,6",5,14,"0,17",14,"0,3",1,291,"0,14","0,2","10,5"
,,"TACO",,"Figo, cru","100","g",,,41,"1,0","0,2","NA","10,2","1,8",27,11,"0,06",15,"0,2","Tr",174,"0,13","0,1","0,8"
,,"TACO",,"Figo, enlatado, em calda","100","g",,,184,"0,6","0,2","NA","50,3","2,0",33,7,"0,16",6,"0,5",7,39,"0,25","0,1","5,2"
,,"TACO",,"Fruta-pão, crua","100","g",,,67,"1,1","0,2","NA","17,2","5,5",34,24,"0,04",27,"0,2",1,188,"0,07","0,1","9,9"
,,"TACO",,"Goiaba, branca, com casca, crua","100","g",,,52,"0,9","0,5","NA","12,4","6,3",5,7,"0,07",16,"0,2","Tr",220,"0,04","0,2","99,2"
,,"TACO",,"Goiaba, doce em pasta","100","g",,,269,"0,6","0,0","NA","74,1","3,7",10,6,"0,11",54,"0,4",4,165,"0,06","0,1","23,1"
,,"TACO",,"Goiaba, doce, cascão","100","g",,,286,"0,4","0,1","NA","78,7","4,4",15,10,"0,16",28,"0,4",11,251,"0,08","0,1","34,3"
,,"TACO",,"Goiaba, vermelha, com casca, crua","100","g",,,54,"1,1","0,4","NA","13,0","6,2",4,7,"0,09",15,"0,2","Tr",198,"0,04","0,1","80,6"
,,"TACO",,"Graviola, crua","100","g",,,62,"0,8","0,2","NA","15,8","1,9",40,23,"0,08",19,"0,2",4,250,"0,04","0,1","19,1"
,,"TACO",,"Graviola, polpa, congelada","100","g",,,38,"0,6","0,1","NA","9,8","1,2",6,10,"0,06",17,"0,1",3,170,"0,06","0,1","10,5"
,,"TACO",,"Jabuticaba, crua","100","g",,,58,"0,6","0,1","NA","15,3","2,3",8,18,"0,30",15,"0,1","Tr",130,"0,07","0,3","16,2"
,,"TACO",,"Jaca, crua","100","g",,,88,"1,4","0,3","NA","22,5","2,4",11,40,"0,48",14,"0,4",2,234,"0,09","0,2","14,8"
,,"TACO",,"Jambo, cru","100","g",,,27,"0,9","0,1","NA","6,5","5,1",14,14,"0,05",18,"0,1",22,135,"0,02","0,1","3,8"
,,"TACO",,"Jamelão, cru","100","g",,,41,"0,5","0,1","NA","10,6","1,8",3,2,"Tr",4,"0,0",1,394,"0,03","0,0","27,1"
,,"TACO",,"Kiwi, cru","100","g",,,51,"1,3","0,6","NA","11,5","2,7",24,11,"0,05",33,"0,3","Tr",269,"0,15","0,1","70,8"
,,"TACO",,"Laranja, baía, crua","100","g",,,45,"1,0","0,1","NA","11,5","1,1",35,9,"0,04",24,"0,1","Tr",174,"0,04","0,1","56,9"
,,"TACO",,"Laranja, baía, suco","100","g",,,37,"0,7","Tr","NA","8,7","Tr",6,8,"0,02",22,"0,1","Tr",173,"0,02","Tr","94,5"
,,"TACO",,"Laranja, da terra, crua","100","g",,,51,"1,1","0,2","NA","12,9","4,0",51,14,"0,04",20,"0,1",1,173,"0,04","0,2","34,7"
,,"TACO",,"Laranja, da terra, suco","100","g",,,41,"0,7","0,1","NA","9,6","1,0",13,10,"0,02",15,"0,1","Tr",145,"0,02","0,1","44,3"
,,"TACO",,"Laranja, lima, crua","100","g",,,46,"1,1","0,1","NA","11,5","1,8",31,10,"0,05",15,"0,1",1,130,"0,03","0,1","43,5"
,,"TACO",,"Laranja, lima, suco","100","g",,,39,"0,7","0,1","NA","9,2","0,4",8,11,"0,02",16,"Tr","Tr",129,"0,02","0,0","41,3"
,,"TACO",,"Laranja, pêra, crua","100","g",,,37,"1,0","0,1","NA","8,9","0,8",22,9,"0,05",23,"0,1","Tr",163,"0,03","0,1","53,7"
,,"TACO",,"Laranja, pêra, suco","100","g",,,33,"0,7","0,1","NA","7,6","Tr",7,8,"0,03",14,"Tr","Tr",149,"0,01","Tr","73,3"
,,"TACO",,"Laranja, valência, crua","100","g",,,46,"0,8","0,2","NA","11,7","1,7",34,14,"0,06",20,"0,1",1,158,"0,04","0,1","47,8"
,,"TACO",,"Laranja, valência, suco","100","g",,,36,"0,5","0,1","NA","8,6","0,4",9,10,"0,03",17,"Tr","Tr",143,"0,02","Tr","*"
,,"TACO",,"Limão, cravo, suco","100","g",,,14,"0,3","Tr","NA","5,2","Tr",10,9,"0,03",11,"0,1","Tr",120,"0,03",,"32,8"
,,"TACO",,"Limão, galego, suco","100","g",,,22,"0,6","0,1","NA","7,3","Tr",5,6,"0,01",13,"0,1","Tr",113,"0,02","0,1","34,5"
,,"TACO",,"Limão, tahiti, cru","100","g",,,32,"0,9","0,1","NA","11,1","1,2",51,10,"0,07",24,"0,2",1,128,"0,06","0,2","38,2"
,,"TACO",,"Maçã, Argentina, com casca, crua","100","g",,,63,"0,2","0,2","NA","16,6","2,0",3,5,"0,01",11,"0,1",1,117,"0,03","Tr","1,5"
,,"TACO",,"Maçã, Fuji, com casca, crua","100","g",,,56,"0,3","Tr","NA","15,2","1,3",2,2,"0,03",9,"0,1","Tr",75,"0,06","Tr","2,4"
,,"TACO",,"Macaúba, crua","100","g",,,404,"2,1","40,7","NA","13,9","13,4",67,66,"0,08",44,"0,8",1,306,"0,35","0,7","13,4"
,,"TACO",," Mamão, doce em calda, drenado","100","g",,,196,"0,2","0,1","NA","54,0","1,3",20,6,"0,02",4,"0,1",3,68,"0,02","0,1","3,9"
,,"TACO",,"Mamão, Formosa, cru","100","g",,,45,"0,8","0,1","NA","11,6","1,8",25,17,"0,04",11,"0,2",3,222,"1,36","0,1","78,5"
,,"TACO",,"Mamão, Papaia, cru","100","g",,,40,"0,5","0,1","NA","10,4","1,0",22,22,"0,01",11,"0,2",2,126,"0,02","0,1","82,2"
,,"TACO",," Mamão verde, doce em calda, drenado","100","g",,,209,"0,3","0,1","NA","57,6","1,2",12,5,"0,04",3,"0,2",5,9,"0,02","0,0","Tr"
,,"TACO",,"Manga, Haden, crua","100","g",,,64,"0,4","0,3","NA","16,7","1,6",12,8,"0,17",9,"0,1",1,148,"0,10","0,1","17,4"
,,"TACO",,"Manga, Palmer, crua","100","g",,,72,"0,4","0,2","NA","19,4","1,6",12,9,"0,05",14,"0,1",2,157,"0,09","0,1","65,5"
,,"TACO",,"Manga, polpa, congelada","100","g",,,48,"0,4","0,2","NA","12,5","1,1",7,9,"0,12",9,"0,1",7,131,"0,06","0,1","24,9"
,,"TACO",,"Manga, Tommy Atkins, crua","100","g",,,51,"0,9","0,2","NA","12,8","2,1",8,7,"0,34",14,"0,1","Tr",138,"0,06","0,1","7,9"
,,"TACO",,"Maracujá, cru","100","g",,,68,"2,0","2,1","NA","12,3","1,1",5,28,"0,12",51,"0,6",2,338,"0,19","0,4","19,8"
,,"TACO",,"Maracujá, polpa, congelada","100","g",,,39,"0,8","0,2","NA","9,6","0,5",5,10,"0,07",15,"0,3",8,228,"0,05","0,2","7,3"
,,"TACO",,"Maracujá, suco concentrado, envasado","100","g",,,42,"0,8","0,2","NA","9,6","0,4",4,4,"0,07",14,"0,3",22,201,"0,05","0,1","13,7"
,,"TACO",,"Melancia, crua","100","g",,,33,"0,9","Tr","NA","8,1","0,1",8,10,"0,14",12,"0,2","Tr",104,"0,04","0,1","6,1"
,,"TACO",,"Melão, cru","100","g",,,29,"0,7","Tr","NA","7,5","0,3",3,6,"0,05",10,"0,2",11,216,"0,04","0,1","8,7"
,,"TACO",,"Mexerica, Murcote, crua","100","g",,,58,"0,9","0,1","NA","14,9","3,1",33,12,"0,05",19,"0,1",1,159,"0,06","0,1","21,8"
,,"TACO",,"Mexerica, Rio, crua","100","g",,,37,"0,7","0,1","NA","9,3","2,7",17,8,"0,05",14,"0,1",2,125,"0,07","0,2","112,0"
,,"TACO",,"Morango, cru","100","g",,,30,"0,9","0,3","NA","6,8","1,7",11,10,"0,33",22,"0,3","Tr",184,"0,06","0,2","63,6"
,,"TACO",,"Nêspera, crua","100","g",,,43,"0,3","Tr","NA","11,5","3,0",20,10,"0,07",10,"0,1","Tr",113,"0,12","0,1","3,2"
,,"TACO",,"Pequi, cru","100","g",,,205,"2,3","18,0","NA","13,0","19,0",32,30,"0,64",34,"0,3","Tr",298,"0,21","1,0","8,3"
,,"TACO",,"Pêra, Park, crua","100","g",,,61,"0,2","0,2","NA","16,1","3,0",9,6,"0,04",12,"0,3",1,102,"0,08","0,1","2,4"
,,"TACO",,"Pêra, Williams, crua","100","g",,,53,"0,6","0,1","NA","14,0","3,0",8,6,"0,04",12,"0,1","Tr",116,"0,07","0,1","2,8"
,,"TACO",,"Pêssego, Aurora, cru","100","g",,,36,"0,8","Tr","NA","9,3","1,4",3,4,"0,05",15,"0,2","Tr",124,"0,02","0,1","3,3"
,,"TACO",,"Pêssego, enlatado, em calda","100","g",,,63,"0,7","Tr","NA","16,9","1,0",4,4,"0,03",9,"0,6",3,95,"0,04","0,1","Tr"
,,"TACO",,"Pinha, crua","100","g",,,88,"1,5","0,3","NA","22,4","3,4",21,31,"0,15",34,"0,2",1,283,"0,11","0,2","35,9"
,,"TACO",,"Pitanga, crua","100","g",,,41,"0,9","0,2","NA","10,2","3,2",18,12,"0,36",13,"0,4",2,113,"0,08","0,4","24,9"
,,"TACO",,"Pitanga, polpa, congelada","100","g",,,19,"0,3","0,1","NA","4,8","0,7",8,6,"0,05",12,"0,4",5,87,"0,06","0,1","Tr"
,,"TACO",,"Romã, crua","100","g",,,56,"0,4","Tr","NA","15,1","0,4",5,13,"0,13",40,"0,3",1,485,"0,19","0,7","8,1"
,,"TACO",,"Tamarindo, cru","100","g",,,276,"3,2","0,5","NA","72,5","6,4",37,59,"0,34",55,"0,6",0,723,"0,29","0,7","7,2"
,,"TACO",,"Tangerina, Poncã, crua","100","g",,,38,"0,8","0,1","NA","9,6","0,9",13,8,"0,04",12,"0,1","Tr",131,"0,03","Tr","48,8"
,,"TACO",,"Tangerina, Poncã, suco","100","g",,,36,"0,5","Tr","NA","8,8","Tr",4,6,"0,02",9,"Tr","Tr",119,"0,02","Tr","41,8"
,,"TACO",,"Tucumã, cru","100","g",,,262,"2,1","19,1","NA","26,5","12,7",46,121,"0,55",53,"0,6",4,401,"0,39","0,9","18,0"
,,"TACO",,"Umbu, cru","100","g",,,37,"0,8","Tr","NA","9,4","2,0",12,11,"0,03",13,"0,1","Tr",152,"0,04","0,4","24,1"
,,"TACO",,"Umbu, polpa, congelada","100","g",,,34,"0,5","0,1","NA","8,8","1,3",11,8,"0,05",13,"0,2",6,154,"0,04","0,1","4,0"
,,"TACO",,"Uva, Itália, crua","100","g",,,53,"0,7","0,2","NA","13,6","0,9",7,5,"0,13",12,"0,1","Tr",162,"0,11","Tr","3,3"
,,"TACO",,"Uva, Rubi, crua","100","g",,,49,"0,6","0,2","NA","12,7","0,9",8,6,"0,07",23,"0,2",8,159,"0,05","Tr","1,9"
,,"TACO",,"Uva, suco concentrado, envasado","100","g",,,58,"Tr","Tr","NA","14,7","0,2",9,7,"0,20",10,"0,1",10,54,"0,13","0,1","21,0"
,,"TACO",,"Azeite, de dendê","100","g",,,884,"NA","100,0","NA","NA","NA",,,,,,,,,,
,,"TACO",,"Azeite, de oliva, extra virgem","100","g",,,884,"NA","100,0","NA","NA","NA",,,,,,,,,,
,,"TACO",,"Manteiga, com sal","100","g",,,726,"0,4","82,4",201,"0,1","NA",9,1,"Tr",28,"0,2",579,15,"Tr","Tr","Tr"
,,"TACO",,"Manteiga, sem sal","100","g",,,758,"0,4","86,0",214,"0,0","NA",4,1,"Tr",7,"Tr",4,5,"0,04","Tr","Tr"
,,"TACO",,"Margarina, com óleo hidrogenado, com sal (65% de lipídeos)","100","g",,,596,"Tr","67,4","NA","0,0","NA",6,1,"Tr",7,"0,1",894,21,"Tr","Tr","Tr"
,,"TACO",,"Margarina, com óleo hidrogenado, sem sal (80% de lipídeos)","100","g",,,723,"Tr","81,7","NA","0,0","NA",3,1,"Tr",4,"0,1",78,2,"Tr","Tr","Tr"
,,"TACO",,"Margarina, com óleo interesterificado, com sal (65%de lipídeos)","100","g",,,594,"Tr","67,2","NA","0,0","NA",5,1,"Tr",6,"Tr",561,15,"Tr","Tr","Tr"
,,"TACO",,"Margarina, com óleo interesterificado, sem sal (65% de lipídeos)","100","g",,,593,"Tr","67,1","NA","0,0","NA",5,1,"Tr",7,"0,1",33,5,"Tr","Tr","Tr"
,,"TACO",,"Óleo, de babaçu","100","g",,,884,"NA","100,0","NA","NA","NA",,,,,,,,,,
,,"TACO",,"Óleo, de canola","100","g",,,884,"NA","100,0","NA","NA","NA",,,,,,,,,,
,,"TACO",,"Óleo, de girassol","100","g",,,884,"NA","100,0","NA","NA","NA",,,,,,,,,,
,,"TACO",,"Óleo, de milho","100","g",,,884,"NA","100,0","NA","NA","NA",,,,,,,,,,
,,"TACO",,"Óleo, de pequi","100","g",,,884,"NA","100,0","NA","NA","NA",,,,,,,,,,
,,"TACO",,"Óleo, de soja","100","g",,,884,"NA","100,0","NA","NA","NA",,,,,,,,,,
,,"TACO",,"Abadejo, filé, congelado, assado","100","g",,,112,"23,5","1,2",103,"0,0","NA",23,20,"Tr",338,"0,5",334,156,"0,03","0,5",
,,"TACO",,"Abadejo, filé, congelado,cozido","100","g",,,91,"19,3","0,9",87,"0,0","NA",17,16,"Tr",351,"0,3",189,146,"0,03","0,4",
,,"TACO",,"Abadejo, filé, congelado, cru","100","g",,,59,"13,1","0,4",31,"0,0","NA",10,14,"0,01",91,"0,1",79,148,"0,14","0,4",
,,"TACO",,"Abadejo, filé, congelado, grelhado","100","g",,,130,"27,6","1,3",136,"0,0","NA",20,22,"Tr",581,"0,3",305,279,"Tr","0,4",
,,"TACO",,"Atum, conserva em óleo","100","g",,,166,"26,2","6,0",53,"0,0","NA",7,29,"Tr",211,"1,2",362,280,"0,04","0,6",
,,"TACO",,"Atum, fresco, cru","100","g",,,118,"25,7","0,9",48,"0,0","NA",7,32,"Tr",254,"1,3",30,308,"0,09","0,4",
,,"TACO",,"Bacalhau, salgado, cru","100","g",,,136,"29,0","1,3",139,"0,0","NA",157,49,"0,03",186,"0,9",13585,434,"0,09","0,7",
,,"TACO",,"Bacalhau, salgado, refogado","100","g",,,140,"24,0","3,6",112,"1,2","*",59,15,"Tr",51,"0,2",1256,50,"0,04","0,6","Tr"
,,"TACO",,"Cação, posta, com farinha de trigo, frita","100","g",,,208,"25,0","10,0",75,"3,1","0,5",30,26,"0,06",462,"1,0",160,420,"Tr","0,6",
,,"TACO",,"Cação, posta, cozida","100","g",,,116,"25,6","0,7",83,"0,0","NA",10,21,"Tr",204,"0,3",115,249,"0,03","0,6",
,,"TACO",,"Cação, posta, crua","100","g",,,83,"17,9","0,8",36,"0,0","NA",9,19,"0,04",181,"0,2",176,299,"0,13","0,3",
,,"TACO",,"Camarão, Rio Grande, grande, cozido","100","g",,,90,"19,0","1,0",241,"0,0","NA",90,19,"0,06",266,"1,3",367,102,"0,17","1,2",
,,"TACO",,"Camarão, Rio Grande, grande, cru","100","g",,,47,"10,0","0,5",124,"0,0","NA",51,27,"0,04",234,"0,7",201,72,"0,11","0,7",
,,"TACO",,"Camarão, Sete Barbas, sem cabeça, com casca, frito","100","g",,,231,"18,4","15,6",283,"2,9","NA",960,74,"0,38",337,"2,4",99,107,"0,19","1,1",
,,"TACO",,"Caranguejo, cozido","100","g",,,83,"18,5","0,4",85,"0,0","NA",357,52,"0,07",154,"2,9",360,186,"0,72","5,7","Tr"
,,"TACO",,"Corimba, cru","100","g",,,128,"17,4","6,0",40,"0,0","NA",40,23,"0,02",190,"0,5",47,317,"0,03","0,4",
,,"TACO",,"Corimbatá, assado","100","g",,,261,"19,9","19,6",80,"0,0","NA",22,24,"0,01",221,"1,0",40,326,"0,03","0,7",
,,"TACO",,"Corimbatá, cozido","100","g",,,239,"20,1","16,9",75,"0,0","NA",65,23,"0,02",185,"0,6",37,254,"0,05","1,0",
,,"TACO",,"Corvina de água doce, crua","100","g",,,101,"18,9","2,2",73,"0,0","NA",39,25,"0,02",154,"0,3",45,293,"0,02","0,4",
,,"TACO",,"Corvina do mar, crua","100","g",,,94,"18,6","1,6",67,"0,0","NA","*",24,"0,01",183,"0,4",68,339,"0,03","0,4",
,,"TACO",,"Corvina grande, assada","100","g",,,147,"26,8","3,6",117,"0,0","NA",60,24,"0,03",176,"0,5",85,291,"0,02","0,7",
,,"TACO",,"Corvina grande, cozida","100","g",,,100,"23,4","2,6",123,"0,0","NA",69,22,"0,02",164,"0,6",68,194,"0,03","0,7",
,,"TACO",,"Dourada de água doce, fresca","100","g",,,131,"18,8","5,6",52,"0,0","NA",12,26,"0,01",189,"0,2",40,393,"0,02","0,5",
,,"TACO",,"Lambari, congelado, cru","100","g",,,131,"16,8","6,5",159,"0,0","NA",1181,45,"0,28",696,"0,9",48,244,"0,09","3,3",
,,"TACO",,"Lambari, congelado, frito","100","g",,,327,"28,4","22,8",246,"0,0","NA",1881,66,"0,34",1067,"0,8",65,331,"0,31","5,6",
,,"TACO",,"Lambari, fresco, cru","100","g",,,152,"15,7","9,4",144,"0,0","NA",590,32,"0,41",441,"0,6",41,207,"0,05","2,4",
,,"TACO",,"Manjuba, com farinha de trigo, frita","100","g",,,344,"23,5","22,6",282,"10,2","0,4",763,47,"0,36",578,"3,0",37,319,"0,15","3,8",
,,"TACO",,"Manjuba, frita","100","g",,,349,"30,1","24,5",270,"0,0","NA",575,32,"0,21",735,"0,9",41,318,"0,14","3,2",
,,"TACO",,"Merluza, filé, assado","100","g",,,122,"26,6","0,9",91,"0,0","NA",36,20,"0,03",273,"0,4",120,364,"0,03","0,9",
,,"TACO",,"Merluza, filé, cru","100","g",,,89,"16,6","2,0",57,"0,0","NA",20,27,"0,01",185,"0,2",80,340,"Tr","0,3",
,,"TACO",,"Merluza, filé, frito","100","g",,,192,"26,9","8,5",109,"0,0","NA",36,38,"0,02",279,"0,4",90,447,"0,03","0,6",
,,"TACO",,"Pescada, branca, crua","100","g",,,111,"16,3","4,6",51,"0,0","NA",16,19,"0,01",136,"0,2",76,261,"Tr","0,3",
,,"TACO",,"Pescada, branca, frita","100","g",,,223,"27,4","11,8",165,"0,0","NA",378,30,"0,06",504,"0,5",107,355,"0,08","1,1",
,,"TACO",,"Pescada, filé, com farinha de trigo, frito","100","g",,,283,"21,4","19,1",73,"5,0","Tr",26,28,"0,07",216,"0,9",91,216,"0,03","0,4",
,,"TACO",,"Pescada, filé, cru","100","g",,,107,"16,7","4,0",65,"0,0","NA",14,23,"0,01",141,"0,2",77,253,"Tr","0,3",
,,"TACO",,"Pescada, filé, frito","100","g",,,154,"28,6","3,6",81,"0,0","NA",10,21,"Tr",204,"0,3",115,249,"0,03","0,6",
,,"TACO",,"Pescada, filé, molho escabeche","100","g",,,142,"11,8","8,0",43,"5,0","0,8",20,18,"0,08",105,"1,5",51,208,"0,36","0,3","6,9"
,,"TACO",,"Pescadinha, crua","100","g",,,76,"15,5","1,1",84,"0,0","NA",332,34,"0,07",327,"0,5",120,304,"0,10","0,6",
,,"TACO",,"Pintado, assado","100","g",,,192,"36,5","4,0",126,"0,0","NA",114,42,"0,08",332,"0,8",81,527,"0,04","2,1",
,,"TACO",,"Pintado, cru","100","g",,,91,"18,6","1,3",50,"0,0","NA",12,24,"0,01",174,"0,2",43,294,"0,03","0,4",
,,"TACO",,"Pintado, grelhado","100","g",,,152,"30,8","2,3",99,"0,0","NA",69,27,"0,03",237,"0,5",53,360,"0,04","0,8",
,,"TACO",,"Porquinho, cru","100","g",,,93,"20,5","0,6",49,"0,0","NA",26,24,"0,05",207,"0,4",67,313,"0,04","0,7",
,,"TACO",,"Salmão, filé, com pele, fresco,  grelhado","100","g",,,229,"23,9","14,0",85,"0,0","NA",29,28,"0,02",300,"0,5",85,384,"0,04","0,6",
,,"TACO",,"Salmão, sem pele, fresco, cru","100","g",,,170,"19,3","9,7",53,"0,0","NA",9,27,"Tr",259,"0,2",64,376,"0,02","0,3",
,,"TACO",,"Salmão, sem pele, fresco, grelhado","100","g",,,243,"26,1","14,5",73,"0,0","NA",15,38,"0,01",352,"0,4",96,518,"0,04","0,5",
,,"TACO",,"Sardinha, assada","100","g",,,164,"32,2","3,0",109,"0,0","NA",438,51,"0,24",578,"1,3",74,574,"0,14","1,8",
,,"TACO",,"Sardinha, conserva em óleo","100","g",,,285,"15,9","24,0",73,"0,0","NA",550,35,"0,11",496,"3,5",666,367,"0,03","1,6",
,,"TACO",,"Sardinha, frita","100","g",,,257,"33,4","12,7",103,"0,0","NA",482,39,"0,25",629,"1,1",60,460,"0,14","1,6",
,,"TACO",,"Sardinha, inteira, crua","100","g",,,114,"21,1","2,7",61,"0,0","NA",167,29,"0,10",294,"1,3",60,312,"0,13","1,3",
,,"TACO",,"Tucunaré, filé, congelado, cru","100","g",,,88,"18,0","1,2",47,"0,0","NA",19,26,"0,01",168,"0,3",57,288,"0,10","0,4",
,,"TACO",,"Apresuntado","100","g",,,129,"13,5","6,7",38,"2,9","NA",23,15,"0,04",225,"0,9",943,270,"0,03","1,6","Tr"
,,"TACO",,"Caldo de carne, tablete","100","g",,,241,"7,8","16,6","Tr","15,1","0,6",129,22,"0,02",123,"Tr",22180,218,"Tr","Tr",
,,"TACO",,"Caldo de galinha, tablete","100","g",,,251,"6,3","20,4",2,"10,6","11,8",16,13,"0,13",48,"0,7",22300,68,"Tr","0,3",
,,"TACO",,"Carne, bovina, acém, moído, cozido","100","g",,,212,"26,7","10,9",103,"0,0","NA",4,17,"0,01",164,"2,7",52,256,"0,06","8,1",
,,"TACO",,"Carne, bovina, acém, moído, cru","100","g",,,137,"19,4","5,9",58,"0,0","NA",3,14,"Tr",158,"1,8",49,237,"0,08","6,3",
,,"TACO",,"Carne, bovina, acém, sem gordura, cozido","100","g",,,215,"27,3","10,9",107,"0,0","NA",7,14,"Tr",164,"2,4",56,254,"0,07","8,0",
,,"TACO",,"Carne, bovina, acém, sem gordura, cru","100","g",,,144,"20,8","6,1",53,"0,0","NA",5,13,"Tr",144,"1,5",50,234,"0,04","5,2",
,,"TACO",,"Carne, bovina, almôndegas, cruas","100","g",,,189,"12,3","11,2",34,"9,8","*",22,24,"0,17",145,"1,6",621,328,"0,15","2,3"," "
,,"TACO",,"Carne, bovina, almôndegas, fritas","100","g",,,272,"18,2","15,8",36,"14,3","*",27,48,"0,41",244,"1,9",1030,536,"0,19","2,6",
,,"TACO",,"Carne, bovina, bucho, cozido","100","g",,,133,"21,6","4,5",245,"0,0","NA",13,7,"0,01",63,"0,6",38,70,"0,05","2,5",
,,"TACO",,"Carne, bovina, bucho, cru","100","g",,,137,"20,5","5,5",145,"0,0","NA",9,6,"0,01",61,"0,5",45,85,"0,06","2,1",
,,"TACO",,"Carne, bovina, capa de contra-filé, com gordura, crua","100","g",,,217,"19,2","15,0",63,"0,0","NA",6,17,"0,01",144,"1,5",58,267,"0,06","3,5",
,,"TACO",,"Carne, bovina, capa de contra-filé, com gordura, grelhada","100","g",,,312,"30,7","20,0",120,"0,0","NA",7,18,"Tr",214,"2,6",81,323,"0,13","6,2",
,,"TACO",,"Carne, bovina, capa de contra-filé, sem gordura, crua","100","g",,,131,"21,5","4,3",58,"0,0","NA",6,20,"Tr",178,"2,0",79,325,"0,06","4,6",
,,"TACO",,"Carne, bovina, capa de contra-filé, sem gordura, grelhada","100","g",,,239,"35,1","10,0",80,"0,0","NA",9,26,"0,01",287,"2,8",83,385,"0,12","7,6",
,,"TACO",,"Carne, bovina, charque, cozido","100","g",,,263,"36,4","11,9",113,"0,0","NA",15,13,"0,02",101,"3,5",1443,90,"0,07","6,1",
,,"TACO",,"Carne, bovina, charque, cru","100","g",,,249,"22,7","16,8",81,"0,0","NA",15,13,"Tr",122,"1,5",5875,236,"0,03","3,9",
,,"TACO",,"Carne, bovina, contra-filé, à milanesa","100","g",,,352,"20,6","24,0",99,"12,2","0,4",15,27,"0,27",203,"2,9",77,271,"0,10","2,9",
,,"TACO",,"Carne, bovina, contra-filé de costela, cru","100","g",,,202,"19,8","13,1",52,"0,0","NA",3,14,"Tr",164,"1,6",39,245,"0,04","4,4",
,,"TACO",,"Carne, bovina, contra-filé de costela, grelhado","100","g",,,275,"29,9","16,3",98,"0,0","NA",4,24,"0,01",252,"2,8",51,383,"0,08","6,7",
,,"TACO",,"Carne, bovina, contra-filé, com gordura, cru","100","g",,,206,"21,2","12,8",73,"0,0","NA",4,18,"0,01",164,"1,3",44,285,"0,04","2,8",
,,"TACO",,"Carne, bovina, contra-filé, com gordura, grelhado","100","g",,,278,"32,4","15,5",144,"0,0","NA",4,19,"Tr",219,"2,4",57,352,"0,09","4,8",
,,"TACO",,"Carne, bovina, contra-filé, sem gordura, cru","100","g",,,157,"24,0","6,0",59,"0,0","NA",4,21,"Tr",184,"1,7",53,335,"0,05","3,2",
,,"TACO",,"Carne, bovina, contra-filé, sem gordura, grelhado","100","g",,,194,"35,9","4,5",102,"0,0","NA",5,21,"Tr",241,"2,4",58,386,"0,09","5,1",
,,"TACO",,"Carne, bovina, costela, assada","100","g",,,373,"28,8","27,7",95,"0,0","NA",28,20,"Tr",179,"2,2",92,270,"0,08","5,5",
,,"TACO",,"Carne, bovina, costela, crua","100","g",,,358,"16,7","31,8",44,"0,0","NA","*",12,"Tr",130,"1,2",70,151,"Tr","2,7",
,,"TACO",,"Carne, bovina, coxão duro, sem gordura, cozido","100","g",,,217,"31,9","8,9",71,"0,0","NA",4,14,"Tr",189,"1,7",41,252,"0,07","5,0",
,,"TACO",,"Carne, bovina, coxão duro, sem gordura, cru","100","g",,,148,"21,5","6,2",60,"0,0","NA",3,21,"Tr",189,"1,9",49,358,"0,05","2,8",
,,"TACO",,"Carne, bovina, coxão mole, sem gordura, cozido","100","g",,,219,"32,4","8,9",84,"0,0","NA",4,13,"Tr",183,"2,6",44,239,"0,11","4,7",
,,"TACO",,"Carne, bovina, coxão mole, sem gordura, cru","100","g",,,169,"21,2","8,7",84,"0,0","NA",3,21,"Tr",175,"1,9",61,335,"0,05","2,6",
,,"TACO",,"Carne, bovina, cupim, assado","100","g",,,330,"28,6","23,0",91,"0,0","NA",8,18,"Tr",212,"2,7",72,321,"0,08","5,3",
,,"TACO",,"Carne, bovina, cupim, cru","100","g",,,221,"19,5","15,3",51,"0,0","NA",4,13,"Tr",220,"1,1",47,151,"0,03","2,4",
,,"TACO",,"Carne, bovina, fígado, cru","100","g",,,141,"20,7","5,4",393,"1,1","NA",4,12,"0,26",334,"5,6",76,265,"9,01","3,5",
,,"TACO",,"Carne, bovina, fígado, grelhado","100","g",,,225,"29,9","9,0",601,"4,2","NA",6,10,"0,22",420,"5,8",82,309,"12,58","4,0",
,,"TACO",,"Carne, bovina, filé mingnon, sem gordura, cru","100","g",,,143,"21,6","5,6",55,"0,0","NA",3,21,"0,01",193,"1,9",49,322,"0,08","2,8",
,,"TACO",,"Carne, bovina, filé mingnon, sem gordura, grelhado","100","g",,,220,"32,8","8,8",103,"0,0","NA",4,28,"0,02",308,"2,9",58,326,"0,14","4,1",
,,"TACO",,"Carne, bovina, flanco, sem gordura, cozido","100","g",,,196,"29,4","7,8",62,"0,0","NA",4,14,"Tr",181,"2,8",42,249,"0,07","5,6",
,,"TACO",,"Carne, bovina, flanco, sem gordura, cru","100","g",,,141,"20,0","6,2",50,"0,0","NA",3,18,"Tr",167,"1,6",54,324,"0,05","4,5",
,,"TACO",,"Carne, bovina, fraldinha, com gordura, cozida","100","g",,,338,"24,2","26,0",65,"0,0","NA",3,14,"Tr",161,"2,0",39,207,"0,07","6,5",
,,"TACO",,"Carne, bovina, fraldinha, com gordura, crua","100","g",,,221,"17,6","16,1",54,"0,0","NA",3,16,"0,00",131,"1,5",51,274,"0,04","4,2",
,,"TACO",,"Carne, bovina, lagarto, cozido","100","g",,,222,"32,9","9,1",56,"0,0","NA",4,13,"Tr",167,"1,9",48,254,"0,05","7,0",
,,"TACO",,"Carne, bovina, lagarto, cru","100","g",,,135,"20,5","5,2",56,"0,0","NA",3,20,"Tr",185,"1,3",54,362,"0,05","2,4",
,,"TACO",,"Carne, bovina, língua, cozida","100","g",,,315,"21,4","24,8",105,"0,0","NA",6,12,"0,01",136,"2,1",59,175,"0,08","4,1",
,,"TACO",,"Carne, bovina, língua, crua","100","g",,,215,"17,1","15,8",118,"0,0","NA",5,15,"0,02",164,"1,7",73,251,"0,09","2,9",
,,"TACO",,"Carne, bovina, maminha, crua","100","g",,,153,"20,9","7,0",51,"0,0","NA",3,16,"Tr",181,"1,1",37,274,"0,03","3,5",
,,"TACO",,"Carne, bovina, maminha, grelhada","100","g",,,153,"30,7","2,4",88,"0,0","NA",4,21,"Tr",237,"2,4",58,386,"0,08","5,6",
,,"TACO",,"Carne, bovina, miolo de alcatra, sem gordura, cru","100","g",,,163,"21,6","7,8",60,"0,0","NA",3,20,"0,01",165,"2,0",43,299,"0,06","3,0",
,,"TACO",,"Carne, bovina, miolo de alcatra, sem gordura, grelhado","100","g",,,241,"31,9","11,6",92,"0,0","NA",5,26,"0,02",279,"3,2",52,385,"0,11","4,8",
,,"TACO",,"Carne, bovina, músculo, sem gordura, cozido","100","g",,,194,"31,2","6,7",56,"0,0","NA",5,13,"Tr",176,"2,4",62,253,"0,08","6,4",
,,"TACO",,"Carne, bovina, músculo, sem gordura, cru","100","g",,,142,"21,6","5,5",51,"0,0","NA",4,17,"Tr",162,"1,9",66,296,"0,05","3,7",
,,"TACO",,"Carne, bovina, paleta, com gordura, crua","100","g",,,159,"21,4","7,5",58,"0,0","NA",4,14,"Tr",158,"1,8",65,250,"0,08","3,7",
,,"TACO",,"Carne, bovina, paleta, sem gordura, cozida","100","g",,,194,"29,7","7,4",56,"0,0","NA",6,18,"Tr",197,"2,2",58,250,"0,10","6,8",
,,"TACO",,"Carne, bovina, paleta, sem gordura, crua","100","g",,,141,"21,0","5,7",42,"0,0","NA",4,18,"Tr",163,"1,9",66,319,"0,05","3,3",
,,"TACO",,"Carne, bovina, patinho, sem gordura, cru","100","g",,,133,"21,7","4,5",56,"0,0","NA",3,20,"0,01",170,"1,8",49,318,"0,05","4,5",
,,"TACO",,"Carne, bovina, patinho, sem gordura, grelhado","100","g",,,219,"35,9","7,3",126,"0,0","NA",5,27,"0,02",289,"3,0",60,421,"0,12","8,1",
,,"TACO",,"Carne, bovina, peito, sem gordura, cozido","100","g",,,338,"22,2","27,0",100,"0,0","NA",4,14,"Tr",136,"1,6",56,204,"0,05","3,9",
,,"TACO",,"Carne, bovina, peito, sem gordura, cru","100","g",,,259,"17,6","20,4",59,"0,0","NA",4,15,"Tr",124,"1,3",64,241,"0,06","2,6",
,,"TACO",,"Carne, bovina, picanha, com gordura, crua","100","g",,,213,"18,8","14,7",60,"0,0","NA",2,14,"Tr",165,"1,7",38,232,"0,06","3,8",
,,"TACO",,"Carne, bovina, picanha, com gordura, grelhada","100","g",,,289,"26,4","19,5",92,"0,0","NA",4,24,"Tr",246,"3,2",60,355,"0,14","5,5",
,,"TACO",,"Carne, bovina, picanha, sem gordura, crua","100","g",,,134,"21,3","4,7",75,"0,0","NA",3,20,"Tr",183,"2,1",61,322,"0,08","4,2",
,,"TACO",,"Carne, bovina, picanha, sem gordura, grelhada","100","g",,,238,"31,9","11,3",100,"0,0","NA",4,25,"0,02",282,"3,6",61,377,"0,17","6,7",
,,"TACO",,"Carne, bovina, seca, cozida","100","g",,,313,"26,9","21,9",100,"0,0","NA",13,12,"0,02",82,"1,9",1943,86,"0,03","7,7",
,,"TACO",,"Carne, bovina, seca, crua","100","g",,,313,"19,7","25,4",92,"0,0","NA",14,12,"0,01",100,"1,3",4440,190,"Tr","3,7",
,,"TACO",,"Coxinha de frango, frita","100","g",,,283,"9,6","11,8",15,"34,5","5,0",18,17,"0,28",93,"1,3",532,166,"0,09","0,5","Tr"
,,"TACO",,"Croquete, de carne, cru","100","g",,,246,"12,0","15,6",30,"13,9",,15,24,"0,34",144,"2,5",711,221,"0,10","2,7","Tr"
,,"TACO",,"Croquete, de carne, frito","100","g",,,347,"16,9","22,7",38,"18,1",,18,30,"0,39",176,"2,3",916,313,"0,09","3,3","Tr"
,,"TACO",,"Empada de frango, pré-cozida, assada","100","g",,,358,"6,9","15,6",23,"47,5","2,2",16,18,"0,32",78,"1,2",525,138,"0,07","0,6"," "
,,"TACO",,"Empada, de frango, pré-cozida","100","g",,,377,"7,3","22,9",23,"35,5","2,2",14,17,"0,25",78,"0,7",771,156,"0,09","0,5"," "
,,"TACO",,"Frango, asa, com pele, crua","100","g",,,213,"18,1","15,1",113,"0,0","NA",11,23,"0,01",155,"0,6",96,211,"0,02","1,2",
,,"TACO",,"Frango, caipira, inteiro, com pele, cozido","100","g",,,243,"23,9","15,6",110,"0,0","NA",17,18,"0,01",162,"1,7",56,210,"0,08","1,7",
,,"TACO",,"Frango, caipira, inteiro, sem pele, cozido","100","g",,,196,"29,6","7,7",106,"0,0","NA",66,23,"0,02",210,"2,1",53,224,"0,15","2,7",
,,"TACO",,"Frango, coração, cru","100","g",,,222,"12,6","18,6",159,"0,0","NA",6,20,"0,05",193,"4,1",95,220,"0,20","2,0",
,,"TACO",,"Frango, coração, grelhado","100","g",,,207,"22,4","12,1",280,"0,6","NA",8,20,"0,06",276,"6,5",128,243,"0,30","3,4",
,,"TACO",,"Frango, coxa, com pele, assada","100","g",,,215,"28,5","10,4",145,"0,1","NA",8,14,"Tr",251,"1,2",95,318,"0,05","2,6",
,,"TACO",,"Frango, coxa, com pele, crua","100","g",,,161,"17,1","9,8",97,"0,0","NA",8,26,"0,02",185,"0,7",95,275,"0,03","2,0",
,,"TACO",,"Frango, coxa, sem pele, cozida","100","g",,,167,"26,9","5,8",133,"0,0","NA",12,11,"Tr",187,"0,8",64,191,"0,03","2,8",
,,"TACO",,"Frango, coxa, sem pele, crua","100","g",,,120,"17,8","4,9",91,"0,0","NA",8,27,"0,02",196,"0,8",98,291,"0,03","2,2",
,,"TACO",,"Frango, fígado, cru","100","g",,,106,"17,6","3,5",341,"0,0","NA",6,28,"0,35",344,"9,5",82,281,"0,26","3,7",
,,"TACO",,"Frango, filé, à milanesa","100","g",,,221,"28,5","7,8",84,"7,5","1,1",9,35,"0,06",249,"1,1",122,408,"0,05","0,8",
,,"TACO",,"Frango, inteiro, com pele, cru","100","g",,,226,"16,4","17,3",85,"0,0","NA",6,24,"0,01",174,"0,6",63,217,"0,04","1,1",
,,"TACO",,"Frango, inteiro, sem pele, assado","100","g",,,187,"28,0","7,5",111,"0,0","NA",9,14,"Tr",233,"0,6",70,283,"0,03","1,6",
,,"TACO",,"Frango, inteiro, sem pele, cozido","100","g",,,170,"25,0","7,1",99,"0,0","NA",8,12,"Tr",194,"0,5",51,217,"0,04","1,2",
,,"TACO",,"Frango, inteiro, sem pele, cru","100","g",,,129,"20,6","4,6",78,"0,0","NA",7,27,"0,01",190,"0,5",73,238,"0,03","1,2",
,,"TACO",,"Frango, peito, com pele, assado","100","g",,,212,"33,4","7,6",109,"0,0","NA",8,18,"0,01",297,"0,5",56,380,"0,01","1,0",
,,"TACO",,"Frango, peito, com pele, cru","100","g",,,149,"20,8","6,7",80,"0,0","NA",8,28,"0,01",213,"0,4",62,252,"0,05","0,6",
,,"TACO",,"Frango, peito, sem pele, cozido","100","g",,,163,"31,5","3,2",89,"0,0","NA",6,14,"Tr",224,"0,3",36,231,"0,02","0,9",
,,"TACO",,"Frango, peito, sem pele, cru","100","g",,,119,"21,5","3,0",59,"0,0","NA",7,31,"0,01",222,"0,4",56,267,"0,03","0,7",
,,"TACO",,"Frango, peito, sem pele, grelhado","100","g",,,159,"32,0","2,5",89,"0,0","NA",5,18,"Tr",295,"0,3",50,387,"0,02","0,8",
,,"TACO",,"Frango, sobrecoxa, com pele, assada","100","g",,,260,"28,7","15,2",158,"0,0","NA",11,15,"Tr",252,"1,2",96,323,"0,06","2,2",
,,"TACO",,"Frango, sobrecoxa, com pele, crua","100","g",,,255,"15,5","20,9",88,"0,0","NA",7,22,"0,01",154,"0,7",68,190,"0,05","1,3",
,,"TACO",,"Frango, sobrecoxa, sem pele, assada","100","g",,,233,"29,2","12,0",145,"0,0","NA",12,17,"Tr",281,"1,2",106,382,"0,07","2,2",
,,"TACO",,"Frango, sobrecoxa, sem pele, crua","100","g",,,162,"17,6","9,6",84,"0,0","NA",6,26,"0,02",187,"0,9",80,241,"0,06","1,7",
,,"TACO",,"Hambúrguer, bovino, cru","100","g",,,215,"13,2","16,2",70,"4,2","*",34,25,"0,36",141,"1,9",869,383,"0,16","1,7",
,,"TACO",,"Hambúrguer, bovino, frito","100","g",,,258,"20,0","17,0",49,"6,3","*",62,60,"0,52",324,"3,0",1252,660,"0,17","3,2",
,,"TACO",,"Hambúrguer, bovino, grelhado","100","g",,,210,"13,2","12,4",59,"11,3","*",56,48,"0,40",263,"2,6",1090,538,"0,18","3,0",
,,"TACO",,"Lingüiça, frango, crua","100","g",,,218,"14,2","17,4",64,"0,0","NA",11,19,"0,05",182,"0,5",1126,280,"0,05","0,7",
,,"TACO",,"Lingüiça, frango, frita","100","g",,,245,"18,3","18,5",76,"0,0","NA",15,29,"0,10",262,"0,8",1374,364,"0,04","1,2",
,,"TACO",,"Lingüiça, frango, grelhada","100","g",,,244,"18,2","18,4",80,"0,0","NA",14,21,"0,10",228,"0,7",1351,356,"0,09","1,0",
,,"TACO",,"Lingüiça, porco, crua","100","g",,,227,"16,1","17,6",53,"0,0","NA",6,14,"0,01",157,"0,4",1176,316,"0,04","1,4",
,,"TACO",,"Lingüiça, porco, frita","100","g",,,280,"20,5","21,3",75,"0,0","NA",8,18,"0,01",211,"0,9",1432,409,"0,06","3,1",
,,"TACO",,"Lingüiça, porco, grelhada","100","g",,,296,"23,2","21,9",82,"0,0","NA",8,19,"0,01",210,"1,0",1456,427,"0,07","3,5",
,,"TACO",,"Mortadela","100","g",,,269,"12,0","21,6",83,"5,8","NA",67,19,"0,11",216,"1,5",1212,247,"0,08","1,0",
,,"TACO",,"Peru, congelado, assado","100","g",,,163,"26,2","5,7",91,"0,0","NA",14,12,"0,02",197,"0,6",628,175,"0,03","1,2",
,,"TACO",,"Peru, congelado, cru","100","g",,,94,"18,1","1,8",68,"0,0","NA",10,19,"Tr",217,"0,9",711,281,"0,36","1,4",
,,"TACO",,"Porco, bisteca, crua","100","g",,,164,"21,5","8,0",56,"0,0","NA",6,24,"Tr",195,"0,5",54,335,"0,07","1,4",
,,"TACO",,"Porco, bisteca, frita","100","g",,,311,"33,7","18,5",126,"0,0","NA",69,29,"0,01",290,"0,8",63,404,"0,07","2,2",
,,"TACO",,"Porco, bisteca, grelhada","100","g",,,280,"28,9","17,4",82,"0,0","NA",34,25,"Tr",229,"0,9",51,366,"0,06","2,3",
,,"TACO",,"Porco, costela, assada","100","g",,,402,"30,2","30,3",113,"0,0","NA",17,14,"Tr",201,"1,0",63,246,"0,07","3,1",
,,"TACO",,"Porco, costela, crua","100","g",,,256,"18,0","19,8",69,"0,0","NA",15,18,"Tr",159,"0,9",88,248,"0,05","2,3",
,,"TACO",,"Porco, lombo, assado","100","g",,,210,"35,7","6,4",103,"0,0","NA",20,18,"Tr",238,"0,5",39,311,"0,03","1,8",
,,"TACO",,"Porco, lombo, cru","100","g",,,176,"22,6","8,8",55,"0,0","NA",4,24,"Tr",195,"0,5",53,334,"0,01","0,9",
,,"TACO",,"Porco, orelha, salgada, crua","100","g",,,258,"18,5","19,9",83,"0,0","NA",5,2,"0,01",31,"1,4",616,228,"0,23","0,6",
,,"TACO",,"Porco, pernil, assado","100","g",,,262,"32,1","13,9",110,"0,0","NA",18,27,"0,01",247,"1,3",62,395,"0,09","3,3",
,,"TACO",,"Porco, pernil, cru","100","g",,,186,"20,1","11,1",59,"0,0","NA",13,23,"Tr",192,"0,9",102,256,"0,16","1,7",
,,"TACO",,"Porco, rabo, salgado, cru","100","g",,,377,"15,6","34,5",89,"0,0","NA",22,4,"0,01",42,"0,6",1158,24,"0,05","1,4",
,,"TACO",,"Presunto, com capa de gordura","100","g",,,128,"14,4","6,8",40,"1,4","NA",12,17,"0,04",274,"0,7",1021,295,"0,04","1,3",
,,"TACO",,"Presunto, sem capa de gordura","100","g",,,94,"14,3","2,7",36,"2,1","NA",23,18,"0,04",244,"0,8",1039,307,"0,04","1,5",
,,"TACO",,"Quibe, assado","100","g",,,136,"14,6","2,7",34,"12,9","1,9",16,36,"0,76",174,"2,2",40,288,"0,51","4,1","Tr"
,,"TACO",,"Quibe, cru","100","g",,,109,"12,4","1,7",27,"10,8","1,6",12,26,"0,39",126,"1,7",39,242,"0,13","2,8","Tr"
,,"TACO",,"Quibe, frito","100","g",,,254,"14,9","15,8",38,"12,3",,22,39,"0,72",166,"2,0",836,322,"0,16","2,8","Tr"
,,"TACO",,"Salame","100","g",,,398,"25,8","30,6",85,"2,9","NA",87,30,"0,03",354,"1,3",1574,548,"0,05","3,2",
,,"TACO",,"Toucinho, cru","100","g",,,593,"11,5","60,3",73,"0,0","NA",2,4,"Tr",35,"0,4",50,58,"0,11","0,2",
,,"TACO",,"Toucinho, frito","100","g",,,697,"27,3","64,3",89,"0,0","NA",9,9,"0,01",95,"0,9",125,171,"0,10","0,8",
,,"TACO",,"Bebida láctea, pêssego","100","g",,,55,"2,1","1,9",5,"7,6","0,3",89,9,"Tr",63,"Tr",46,62,"0,02","0,2","2,1"
,,"TACO",,"Creme de Leite","100","g",,,221,"1,5","22,5",66,"4,5","NA",83,8,"0,01",118,"0,3",52,119,"0,02","0,3","Tr"
,,"TACO",,"Iogurte, natural","100","g",,,51,"4,1","3,0",14,"1,9","NA",143,11,"Tr",119,"Tr",52,71,"0,02","0,4","0,9"
,,"TACO",,"Iogurte, natural, desnatado","100","g",,,41,"3,8","0,3",3,"5,8","NA",157,12,"Tr",110,"Tr",60,182,"Tr","0,5","0,3"
,,"TACO",,"Iogurte, sabor abacaxi","100","g",,,"*","*","*",6,"*","*","*","*","*","*","*","*","*","*","*",
,,"TACO",,"Iogurte, sabor morango","100","g",,,70,"2,7","2,3",7,"9,7","0,2",101,8,"Tr",73,"Tr",38,52,"0,02","0,3","Tr"
,,"TACO",,"Iogurte, sabor pêssego","100","g",,,68,"2,5","2,3",8,"9,4","0,7",95,8,"Tr",66,"0,1",37,52,"0,02","0,3","Tr"
,,"TACO",,"Leite, condensado","100","g",,,313,"7,7","6,7",28,"57,0","NA",246,22,"Tr",187,"0,1",94,329,"0,03","0,9","2,1"
,,"TACO",,"Leite, de cabra","100","g",,,66,"3,1","3,8",14,"5,2","NA",112,10,"Tr",113,"0,1",74,140,"0,04","0,4","Tr"
,,"TACO",,"Leite, de vaca, achocolatado","100","g",,,83,"2,1","2,2",6,"14,2","0,6",70,13,"0,05",71,"0,5",72,155,"0,04","0,3","3,3"
,,"TACO",,"Leite, de vaca, desnatado, pó","100","g",,,362,"34,7","0,9",25,"53,0","NA",1363,109,"Tr",1673,"0,9",432,1556,"0,16","3,8",
,,"TACO",,"Leite, de vaca, desnatado, UHT","100","g",,,"*","*","*",4,"*","NA",134,10,"Tr",85,"Tr",51,140,"0,02","0,4","Tr"
,,"TACO",,"Leite, de vaca, integral","100","g",,,"*","*","*",10,"*","NA",123,10,"Tr",82,"Tr",64,133,"0,02","0,4","Tr"
,,"TACO",,"Leite, de vaca, integral, pó","100","g",,,497,"25,4","26,9",85,"39,2","NA",890,77,"Tr",1242,"0,5",323,1132,"0,11","2,7","*"
,,"TACO",,"Leite, fermentado","100","g",,,70,"1,9","0,1",2,"15,7","NA",72,6,"0,02",63,"Tr",33,94,"0,01","0,3","0,5"
,,"TACO",,"Queijo, minas, frescal","100","g",,,264,"17,4","20,2",62,"3,2","NA",579,7,"0,02",123,"0,9",31,105,"Tr","0,3","Tr"
,,"TACO",,"Queijo, minas, meia cura","100","g",,,321,"21,2","24,6",76,"3,6","NA",696,27,"0,02",403,"0,2",501,120,"0,07","2,7",
,,"TACO",,"Queijo, mozarela","100","g",,,330,"22,6","25,2",80,"3,0","NA",875,24,"0,03",470,"0,3",581,62,"0,08","3,5",
,,"TACO",,"Queijo, parmesão","100","g",,,453,"35,6","33,5",106,"1,7","NA",992,33,"0,05",745,"0,5",1844,96,"0,17","4,4","Tr"
,,"TACO",,"Queijo, pasteurizado","100","g",,,303,"9,4","27,4",82,"5,7","NA",323,16,"0,01",578,"0,3",780,194,"0,05","1,3","Tr"
,,"TACO",,"Queijo, petit suisse, morango","100","g",,,121,"5,8","2,8",12,"18,5","NA",731,27,"0,02",448,"0,1",412,121,"0,01","2,7","Tr"
,,"TACO",,"Queijo, prato","100","g",,,360,"22,7","29,1",91,"1,9","NA",940,28,"0,03",461,"0,3",580,73,"0,10","3,5",
,,"TACO",,"Queijo, requeijão, cremoso","100","g",,,257,"9,6","23,4",74,"2,4","NA",259,12,"0,02",448,"0,1",558,93,"0,05","1,3","Tr"
,,"TACO",,"Queijo, ricota","100","g",,,140,"12,6","8,1",49,"3,8","NA",253,12,"Tr",162,"0,1",283,112,"Tr","0,5","Tr"
,,"TACO",,"Bebida isotônica, sabores variados","100","g",,,26,"0,0","0,0","NA","6,4","NA",1,"Tr","Tr",9,"0,7",44,13,"Tr","Tr",
,,"TACO",,"Café, infusão 10%","100","g",,,9,"0,7","0,1","NA","1,5","NA",3,10,"0,04",9,"Tr",1,156,"0,01","Tr",
,,"TACO",,"Cana, aguardente 1","100","g",,,216,,,"NA",,"NA","Tr","Tr","Tr","Tr","Tr",3,"Tr","0,06","Tr",
,,"TACO",,"Cana, caldo de","100","g",,,65,"Tr","Tr","NA","18,2","0,1",9,12,"0,21",5,"0,8","Tr",18,"0,01","0,1","2,8"
,,"TACO",,"Cerveja, pilsen 2","100","g",,,41,"0,6","Tr","NA","3,3","NA",5,7,"0,01",19,"Tr",4,29,"Tr","Tr","Tr"
,,"TACO",,"Chá, erva-doce, infusão 5%","100","g",,,1,"0,0","0,0","NA","0,4","NA",2,1,"0,01",1,"Tr",1,10,"0,01","Tr"," "
,,"TACO",,"Chá, mate, infusão 5%","100","g",,,3,"0,0","0,1","NA","0,6","NA",1,2,"0,27","Tr","Tr","Tr",5,"Tr","Tr"," "
,,"TACO",,"Chá, preto, infusão 5%","100","g",,,2,"0,0","0,0","NA","0,6","NA",0,1,"0,09",2,"Tr","Tr",13,"Tr","Tr"," "
,,"TACO",,"Coco, água de","100","g",,,22,"0,0","0,0","NA","5,3","0,1",19,5,"0,25",4,"Tr",2,162,"Tr","Tr","2,4"
,,"TACO",,"Refrigerante, tipo água tônica","100","g",,,31,"0,0","0,0","NA","8,0","NA",1,"Tr","Tr",0,"Tr",8,2,"Tr","Tr",
,,"TACO",,"Refrigerante, tipo cola","100","g",,,34,"0,0","0,0","NA","8,7","NA",1,"Tr","Tr",17,"Tr",7,1,"Tr","Tr",
,,"TACO",,"Refrigerante, tipo guaraná","100","g",,,39,"0,0","0,0","NA","10,0","NA",1,"Tr","Tr","Tr","Tr",9,1,"Tr","Tr",
,,"TACO",,"Refrigerante, tipo laranja","100","g",,,46,"0,0","0,0","NA","11,8","NA",2,1,"Tr",1,"Tr",9,16,"Tr","Tr",
,,"TACO",,"Refrigerante, tipo limão","100","g",,,40,"0,0","0,0","NA","10,3","NA",2,1,"Tr","Tr","Tr",9,4,"Tr","Tr",
,,"TACO",,"Omelete, de queijo","100","g",,,268,"15,6","22,0",384,"0,4","NA",166,14,"0,03",314,"1,4",216,127,"0,03","1,4","Tr"
,,"TACO",,"Ovo, de codorna, inteiro, cru","100","g",,,177,"13,7","12,7",568,"0,8","NA",79,11,"Tr",279,"3,3",129,79,"0,04","2,1"," "
,,"TACO",,"Ovo, de galinha, clara, cozida/10minutos","100","g",,,59,"13,4","0,1","NA","0,0","NA",6,11,"Tr",15,"0,1",181,146,"0,03","Tr"," "
,,"TACO",,"Ovo, de galinha, gema, cozida/10minutos","100","g",,,353,"15,9","30,8",1272,"1,6","NA",114,9,"0,06",386,"2,9",45,87,"Tr","2,9"," "
,,"TACO",,"Ovo, de galinha, inteiro, cozido/10minutos","100","g",,,146,"13,3","9,5",397,"0,6","NA",49,11,"0,02",184,"1,5",146,139,"0,04","1,2"," "
,,"TACO",,"Ovo, de galinha, inteiro, cru","100","g",,,143,"13,0","8,9",356,"1,6","NA",42,13,"Tr",164,"1,6",168,150,"0,06","1,1"," "
,,"TACO",,"Ovo, de galinha, inteiro, frito","100","g",,,240,"15,6","18,6",516,"1,2","NA",73,16,"0,03",422,"2,1",166,184,"0,04","1,5","Tr"
,,"TACO",,"Achocolatado, pó","100","g",,,401,"4,2","2,2","Tr","91,2","3,9",44,77,"0,55",200,"5,4",65,496,"0,56","1,0","Tr"
,,"TACO",,"Açúcar, cristal","100","g",,,387,"0,3","Tr","NA","99,6","NA",8,1," ","Tr","0,2","Tr",3," Tr","Tr",
,,"TACO",,"Açúcar, mascavo","100","g",,,369,"0,8","0,1","NA","94,5","NA",127,80,"2,03",38,"8,3",25,522,"0,17","0,5","Tr"
,,"TACO",,"Açúcar, refinado","100","g",,,387,"0,3","Tr","NA","99,5","NA",4,1," ","Tr","0,1",12,6," Tr","Tr",
,,"TACO",,"Chocolate, ao leite","100","g",,,540,"7,2","30,3",17,"59,6","2,2",191,57,"0,30",212,"1,6",77,355,"0,31","1,1","Tr"
,,"TACO",,"Chocolate, ao leite, com castanha do Pará","100","g",,,559,"7,4","34,2",16,"55,4","2,5",171,80,"0,36",303,"1,5",64,431,"0,45","1,3","1,4"
,,"TACO",,"Chocolate, ao leite, dietético","100","g",,,557,"6,9","33,8",13,"56,3","2,8",188,67,"0,41",276,"3,3",85,458,"0,43","1,1","2,0"
,,"TACO",,"Chocolate, meio amargo","100","g",,,475,"4,9","29,9",2,"62,4","4,9",45,107,"0,83",220,"3,6",9,432,"0,77","1,5","2,1"
,,"TACO",,"Cocada branca","100","g",,,449,"1,1","13,6","NA","81,4","3,6",7,17,"0,36",396,"1,2",29,183,"0,20","0,4","Tr"
,,"TACO",,"Doce, de abóbora, cremoso","100","g",,,199,"0,9","0,2","NA","54,6","2,3",13,6,"0,01",14,"0,9","Tr",137,"Tr","Tr","0,1"
,,"TACO",,"Doce, de leite, cremoso","100","g",,,306,"5,5","6,0",20,"59,5","NA",195,16,"0,01",141,"0,1",120,259,"0,02","0,5","Tr"
,,"TACO",,"Geléia, mocotó, natural","100","g",,,106,"2,1","0,1","Tr","24,2","NA",4,1,"Tr","Tr","0,1",43,2,"Tr","Tr","Tr"
,,"TACO",,"Glicose de milho","100","g",,,292,"0,0","0,0","NA","79,4","NA",6,2,"Tr",5,"0,1",59,5,"Tr","Tr"," "
,,"TACO",,"Maria mole","100","g",,,301,"3,8","0,2","NA","73,6","0,7",13,7,"0,06",4,"0,4",15,24,"0,20","0,1","Tr"
,,"TACO",,"Maria mole, coco queimado","100","g",,,307,"3,9","0,1","NA","75,1","0,6",19,6,"0,09",5,"0,5",14,36,"0,03","0,1","Tr"
,,"TACO",,"Marmelada","100","g",,,257,"0,4","0,1","NA","70,8","4,1",11,6,"0,06",20,"0,7",11,83,"0,09","0,1","Tr"
,,"TACO",,"Mel, de abelha","100","g",,,309,"0,0","0,0","NA","84,0","NA",10,6,"0,38",4,"0,3",6,99,"Tr","0,2","0,7"
,,"TACO",,"Melado","100","g",,,297,"0,0","0,0","NA","76,6","NA",102,115,"2,62",74,"5,4",4,395,"0,84","0,3","Tr"
,,"TACO",,"Quindim","100","g",,,411,"4,7","24,4",271,"46,3","3,2",37,15,"0,25",168,"1,4",27,111,"0,10","1,1","Tr"
,,"TACO",,"Rapadura","100","g",,,352,"1,0","0,1","NA","90,8","NA",30,47,"1,66",21,"4,4",22,459,"0,17","0,6","Tr"
,,"TACO",,"Café, pó, torrado","100","g",,,419,"14,7","11,9","NA","65,8","51,2",107,165,"2,58",169,"8,1",1,1609,"1,30","0,5","Tr"
,,"TACO",,"Capuccino, pó","100","g",,,417,"11,3","8,6",29,"73,6","2,4",467,71,"0,17",358,"2,3",382,886,"Tr","1,1","Tr"
,,"TACO",,"Fermento em pó, químico","100","g",,,90,"0,5","0,1","NA","43,9","NA"," "," "," "," "," ",10052," "," "," "," "
,,"TACO",,"Fermento, biológico, levedura, tablete","100","g",,,90,"17,0","1,5","NA","7,7","4,2",18,38,"0,20",419,"2,6",40,576,"0,29","11,0","Tr"
,,"TACO",,"Gelatina, sabores variados, pó","100","g",,,380,"8,9","Tr","NA","89,2","NA",27,2,"0,03",2,"0,3",235,7,"Tr","Tr","40,0"
,,"TACO",,"Sal, dietético","100","g",,,"NA","NA","NA","NA","NA","NA",,,,,,23432,20468,,,
,,"TACO",,"Sal, grosso","100","g",,,"NA","NA","NA","NA","NA","NA",,,,,,39943,,,,
,,"TACO",,"Shoyu","100","g",,,61,"3,3","0,3","NA","11,6","NA",15,24,"0,07",47,"0,5",5024,165,"Tr","0,2","Tr"
,,"TACO",,"Tempero a base de sal","100","g",,,21,"2,7","0,3","NA","2,1","0,6",,,,,,32560,,,,
,,"TACO",,"Azeitona, preta, conserva","100","g",,,194,"1,2","20,3","NA","5,5","4,6",59,5,"0,06",16,"5,5",1567,79,"0,25","0,3","Tr"
,,"TACO",,"Azeitona, verde, conserva","100","g",,,137,"0,9","14,2","NA","4,1","3,8",46,4,"0,03",5,"0,2",1347,20,"0,14","0,1","Tr"
,,"TACO",,"Chantilly, spray, com gordura vegetal","100","g",,,315,"0,5","27,3","Tr","16,9","NA",2,1,"Tr",16,"Tr",110,5,"0,01","0,1",
,,"TACO",,"Leite, de coco","100","g",,,166,"1,0","18,4","NA","2,2","0,7",6,17,"0,24",26,"0,5",44,144,"0,16","0,3","Tr"
,,"TACO",,"Maionese, tradicional com ovos","100","g",,,302,"0,6","30,5",42,"7,9","NA",3,1,"Tr",14,"0,1",787,16,"Tr","0,1","Tr"
,,"TACO",,"Acarajé","100","g",,,289,"8,3","19,9",25,"19,1","9,4",124,51,"0,59",142,"1,9",305,354,"0,23","1,2"," "
,,"TACO",,"Arroz carreteiro","100","g",,,154,"10,8","7,1",36,"11,6","1,5",13,9,"0,18",48,"1,0",1622,87,"0,08","2,7"," "
,,"TACO",,"Baião de dois, arroz e feijão-de-corda","100","g",,,136,"6,2","3,2",4,"20,4","5,1",33,19,"0,27",72,"0,6",93,157,"0,08","0,6","Tr"
,,"TACO",,"Barreado","100","g",,,165,"18,3","9,5",60,"0,2","0,1",15,21,"0,05",169,"2,4",48,295,"0,17","4,8","Tr"
,,"TACO",,"Bife à cavalo, com contra filé","100","g",,,291,"23,7","21,1",257,"0,0","NA",26,19,"0,02",216,"2,1",83,272,"0,06","3,2",
,,"TACO",,"Bolinho de arroz","100","g",,,274,"8,0","8,3",70,"41,7","2,7",24,13,"0,42",87,"2,1",59,96,"0,13","0,9","Tr"
,,"TACO",,"Camarão à baiana","100","g",,,101,"7,9","6,0",117,"3,2","0,4",43,15,"0,11",244,"1,4",85,139,"0,07","0,5","4,1"
,,"TACO",,"Charuto, de repolho","100","g",,,78,"6,8","1,1",21,"10,1","1,5",23,13,"0,22",68,"0,9",12,184,"1,45","1,8","4,8"
,,"TACO",,"Cuscuz, de milho, cozido com sal","100","g",,,113,"2,2","0,7","NA","25,3","2,1",2,3,"0,02",23,"0,2",248,11,"Tr","0,2","Tr"
,,"TACO",,"Cuscuz, paulista","100","g",,,142,"2,6","4,6",15,"22,5","2,4",14,5,"0,06",26,"0,3",236,53,"0,05","0,2","Tr"
,,"TACO",,"Cuxá, molho","100","g",,,80,"5,6","3,6",58,"5,7","3,0",105,34,"0,23",111,"0,9",1344,124,"0,17","0,6","10,3"
,,"TACO",,"Dobradinha","100","g",,,125,"19,8","4,4",144,"0,0","NA",11,8,"0,11",57,"1,0",29,58,"0,06","2,7"," "
,,"TACO",,"Estrogonofe de carne","100","g",,,173,"15,0","10,8",66,"3,0",,28,22,"0,03",186,"2,7",123,322,"0,14","2,0","Tr"
,,"TACO",,"Estrogonofe de frango","100","g",,,157,"17,6","8,0",80,"2,6",,26,25,"0,03",195,"1,5",99,307,"0,12","0,6","Tr"
,,"TACO",,"Feijão tropeiro mineiro","100","g",,,152,"10,2","6,8",68,"19,6","3,6",41,36,"0,38",199,"2,2",365,349,"0,22","1,4","Tr"
,,"TACO",,"Feijoada","100","g",,,117,"8,7","6,5",22,"11,6","5,1",32,32,"0,24",105,"1,3",278,303,"0,15","0,8","Tr"
,,"TACO",,"Frango, com açafrão","100","g",,,113,"9,7","6,2",50,"4,1","0,2",13,16,"0,09",167,"0,8",29,256,"0,02","0,5","5,3"
,,"TACO",,"Macarrão, molho bolognesa","100","g",,,120,"4,9","0,9",7,"22,5","0,8",11,10,"0,22",54,"1,4",9,84,"0,09","0,8","Tr"
,,"TACO",,"Maniçoba","100","g",,,134,"10,0","8,7",43,"3,4","2,2",66,24,"0,60",55,"3,2",407,148,"0,16","2,0","Tr"
,,"TACO",,"Quibebe","100","g",,,86,"8,6","2,7","NA","6,6","1,7",8,10,"0,05",43,"0,8",247,153,"0,61","1,6","Tr"
,,"TACO",,"Salada, de legumes, com maionese","100","g",,,96,"1,1","7,0",7,"8,9","2,2",12,9,"0,10",22,"0,2",228,141,"0,04","0,2","Tr"
,,"TACO",,"Salada, de legumes, cozida no vapor","100","g",,,35,"2,0","0,3","NA","7,1","2,5",33,19,"0,24",45,"0,4",3,244,"0,17","0,3","29,4"
,,"TACO",,"Salpicão, de frango","100","g",,,148,"13,9","7,8",53,"4,6","0,4",9,13,"0,03",103,"0,3",248,149,"0,08","0,4","9,3"
,,"TACO",,"Sarapatel","100","g",,,123,"18,5","4,4",315,"1,1",,12,13,"0,10",164,"7,2",216,199,"1,48","1,8","Tr"
,,"TACO",,"Tabule","100","g",,,57,"2,0","1,2","NA","10,6","2,1",19,18,"0,37",35,"0,6",1,188,"0,12","0,6","16,2"
,,"TACO",,"Tacacá","100","g",,,47,"7,0","0,4",71,"3,4","0,2",45,30,"0,12",89,"0,9",1349,240,"0,22","0,8","Tr"
,,"TACO",,"Tapioca, com manteiga","100","g",,,348,"0,1","10,9",31,"63,6","Tr",30,3,"0,06",8,"0,2",158,19,"0,01","0,0","Tr"
,,"TACO",,"Tucupi, com pimenta-de-cheiro","100","g",,,27,"2,1","0,3","NA","4,7","0,2",28,42,"0,52",31,"1,1",5,391,"0,12","0,9","46,4"
,,"TACO",,"Vaca atolada","100","g",,,145,"5,1","9,3",19,"10,1","2,3",63,16,"0,04",72,"0,7",26,220,"0,12","1,2","Tr"
,,"TACO",,"Vatapá","100","g",,,255,"6,0","23,2",44,"9,7","1,7",47,39,"0,48",108,"1,4",880,209,"0,28","0,9","Tr"
,,"TACO",,"Virado à paulista","100","g",,,307,"10,2","25,6",66,"14,1","2,2",41,22,"0,15",135,"1,1",346,237,"0,07","1,0","Tr"
,,"TACO",,"Yakisoba","100","g",,,113,"7,5","2,6","NA","18,3","1,1",14,13,"0,15",83,"0,6",794,159,"0,06","0,7","Tr"
,,"TACO",,"Amendoim, grão, cru","100","g",,,544,"27,2","43,9","NA","20,3","8,0","Tr",171,"1,96",407,"2,5","Tr",580,"0,78","3,2","Tr"
,,"TACO",,"Amendoim, torrado, salgado","100","g",,,606,"22,5","54,0","NA","18,7","7,8",39,159,"1,70",261,"1,3",376,496,"0,68","2,1","Tr"
,,"TACO",,"Ervilha, em vagem","100","g",,,88,"7,5","0,5","NA","14,2","9,7",24,42,"0,40",152,"1,4","Tr",311,"0,20","1,2","12,4"
,,"TACO",,"Ervilha, enlatada, drenada","100","g",,,74,"4,6","0,4","NA","13,4","5,1",22,23,"0,46",79,"1,4",372,147,"0,14","0,9"," "
,,"TACO",,"Feijão, carioca, cozido","100","g",,,76,"4,8","0,5","NA","13,6","8,5",27,42,"0,28",87,"1,3",2,255,"0,19","0,7","Tr"
,,"TACO",,"Feijão, carioca, cru","100","g",,,329,"20,0","1,3","NA","61,2","18,4",123,210,"1,02",385,"8,0","Tr",1352,"0,79","2,9"," "
,,"TACO",,"Feijão, fradinho, cozido","100","g",,,78,"5,1","0,6","NA","13,5","7,5",17,38,"0,53",85,"1,1",1,253,"0,10","1,1","Tr"
,,"TACO",,"Feijão, fradinho, cru","100","g",,,339,"20,2","2,4","NA","61,2","23,6",78,178,"1,43",355,"5,1",10,1083,"0,70","3,9","Tr"
,,"TACO",,"Feijão, jalo, cozido","100","g",,,93,"6,1","0,5","NA","16,5","13,9",29,44,"0,32",121,"1,9",1,348,"0,24","1,0","Tr"
,,"TACO",,"Feijão, jalo, cru","100","g",,,328,"20,1","0,9","NA","61,5","30,3",98,170,"0,99",427,"7,0",25,1276,"0,95","3,0","Tr"
,,"TACO",,"Feijão, preto, cozido","100","g",,,77,"4,5","0,5","NA","14,0","8,4",29,40,"0,37",88,"1,5",2,256,"0,20","0,7","Tr"
,,"TACO",,"Feijão, preto, cru","100","g",,,324,"21,3","1,2","NA","58,8","21,8",111,188,"1,32",471,"6,5","Tr",1416,"0,83","2,9"," "
,,"TACO",,"Feijão, rajado, cozido","100","g",,,85,"5,5","0,4","NA","15,3","9,3",29,42,"0,29",113,"1,4",1,315,"0,23","0,9","Tr"
,,"TACO",,"Feijão, rajado, cru","100","g",,,326,"17,3","1,2","NA","62,9","24,0",111,170,"1,17",335,"18,6",14,1135,"0,84","2,6","Tr"
,,"TACO",,"Feijão, rosinha, cozido","100","g",,,68,"4,5","0,5","NA","11,8","4,8",19,43,"0,46",90,"1,2",2,241,"0,09","1,3","Tr"
,,"TACO",,"Feijão, rosinha, cru","100","g",,,337,"20,9","1,3","NA","62,2","20,6",68,184,"1,08",394,"5,3",24,1109,"0,60","4,0","Tr"
,,"TACO",,"Feijão, roxo, cozido","100","g",,,77,"5,7","0,5","NA","12,9","11,5",23,34,"0,32",106,"1,4",1,268,"0,22","1,0","Tr"
,,"TACO",,"Feijão, roxo, cru","100","g",,,331,"22,2","1,2","NA","60,0","33,8",120,162,"1,34",394,"6,9",10,1221,"1,04","3,3","Tr"
,,"TACO",,"Grão-de-bico, cru","100","g",,,355,"21,2","5,4","NA","57,9","12,4",114,146,"3,16",342,"5,4",5,1116,"0,67","3,2","Tr"
,,"TACO",,"Guandu, cru","100","g",,,344,"19,0","2,1","NA","64,0","21,3",129,166,"1,02",269,"1,9",2,1215,"0,57","2,0","1,5"
,,"TACO",,"Lentilha, cozida","100","g",,,93,"6,3","0,5","NA","16,3","7,9",16,22,"0,29",104,"1,5",1,220,"0,17","1,1","Tr"
,,"TACO",,"Lentilha, crua","100","g",,,339,"23,2","0,8","NA","62,0","16,9",54,94,"1,08",368,"7,0","Tr",887,"0,83","3,5"," "
,,"TACO",,"Paçoca, amendoim","100","g",,,487,"16,0","26,1","NA","52,4","7,3",22,101,"1,06",198,"1,1",167,348,"0,38","1,6","Tr"
,,"TACO",,"Pé-de-moleque, amendoim","100","g",,,503,"13,2","28,0","NA","54,7","3,4",27,108,"1,09",171,"1,3",16,355,"0,43","1,4","Tr"
,,"TACO",,"Soja, farinha","100","g",,,404,"36,0","14,6","NA","38,4","20,2",206,242,"2,87",539,"13,1",6,1922,"1,29","4,5","Tr"
,,"TACO",,"Soja, extrato solúvel, natural, fluido","100","g",,,39,"2,4","1,6","NA","4,3","0,4",17,15,"0,15",53,"0,4",57,121,"0,08","0,3","Tr"
,,"TACO",,"Soja, extrato solúvel, pó","100","g",,,459,"35,7","26,2","NA","28,5","7,3",359,216,"2,68",647,"7,0",83,1607,"1,19","5,8","9,2"
,,"TACO",,"Soja, queijo (tofu)","100","g",,,64,"6,6","4,0","NA","2,1","0,8",81,38,"0,33",130,"1,4",1,182,"0,18","0,9","Tr"
,,"TACO",,"Tremoço, cru","100","g",,,381,"33,6","10,3","NA","43,8","32,3",177,121,"*",265,"2,8",3,708,"0,79","4,2","25,0"
,,"TACO",,"Tremoço, em conserva","100","g",,,121,"11,1","3,8","NA","12,4","14,4",16,4,"*",40,"0,3",1809,5,"0,27","0,6","Tr"
,,"TACO",,"Amêndoa, torrada, salgada","100","g",,,581,"18,6","47,3","NA","29,5","11,6",237,222,"1,95",493,"3,1",279,640,"0,93","2,6","Tr"
,,"TACO",,"Castanha-de-caju, torrada, salgada","100","g",,,570,"18,5","46,3","NA","29,1","3,7",33,237,"1,59",594,"5,2",125,671,"1,92","4,7","Tr"
,,"TACO",,"Castanha-do-Brasil, crua","100","g",,,643,"14,5","63,5","NA","15,1","7,9",146,365,"1,10",853,"2,3",1,651,"1,79","4,2","Tr"
,,"TACO",,"Coco, cru","100","g",,,406,"3,7","42,0","NA","10,4","5,4",6,51,"1,00",118,"1,8",15,354,"0,45","0,9","2,5"
,,"TACO",,"Coco,  verde, cru","100","g",,,"*","*","*","*","*","*","*","*","*","*","*","*","*","*","*","*"
,,"TACO",,"Farinha, de mesocarpo de babaçu, crua","100","g",,,329,"1,4","0,2","NA","79,2","17,9",61,39,"0,38",26,"18,3",12,362,"0,22","0,3","Tr"
,,"TACO",,"Gergelim, semente","100","g",,,584,"21,2","50,4","NA","21,6","11,9",825,361,"2,67",741,"5,4",3,546,"1,51","5,2","Tr"
,,"TACO",,"Linhaça, semente","100","g",,,495,"14,1","32,3","NA","43,3","33,5",211,347,"2,81",615,"4,7",9,869,"1,09","4,4","Tr"
,,"TACO",,"Pinhão, cozido","100","g",,,174,"3,0","0,7","NA","43,9","15,6",16,53,"0,41",166,"0,8",1,727,"0,18","0,8","27,7"
,,"TACO",,"Pupunha, cozida","100","g",,,219,"2,5","12,8","NA","29,6","4,3",28,25,"0,13",49,"0,5",1,303,"0,28","0,3","2,2"
,,"TACO",,"Noz, crua","100","g",,,620,"14,0","59,4","NA","18,4","7,2",105,153,"4,05",396,"2,0",5,533,"0,75","2,1","Tr"
,,,,,,,,,"(kcal)","(g)","(g)","(mg)","(g)","(g)","(mg)","(mg)","(mg)","(mg)","(mg)","(mg)","(mg)","(mg)","(mg)","(mg)"
